ref	1808	C	T	DNA	TEN
ref	1808	C	T	DNA	TEN.1
ref	1808	C	T	DNA	TEN.1.1
ref	2826	C	T	DNA	TEN
ref	2826	C	T	DNA	TPE
ref	4800	C	A	DNA	TPA.2.7
ref	5815	G	A	DNA	TPE.3
ref	5815	G	A	DNA	TPE.3.1
ref	6442	A	G	DNA	TPA.2
ref	6654	T	C	DNA	TPE
ref	6740	A	G	DNA	TPA.1.6
ref	7052	A	G	DNA	TEN
ref	7052	A	G	DNA	TPE
ref	7166	A	G	DNA	TPE.2.2
ref	7166	A	G	DNA	TPE.2.5
ref	8145	A	G	DNA	TPE.1.3
ref	10175	C	T	DNA	TPE.1
ref	10175	C	T	DNA	TPE.1.1
ref	12827	G	A	DNA	TPA.2.5
ref	13206	G	A	DNA	TPA.1.6
ref	14670	T	C	DNA	TEN
ref	14670	T	C	DNA	TEN.1
ref	14670	T	C	DNA	TEN.1.1
ref	15106	T	G	DNA	TPE.1.3
ref	15805	G	T	DNA	TPE.1.3
ref	16279	G	T	DNA	TEN
ref	16279	G	T	DNA	TPE
ref	17152	C	T	DNA	TEN
ref	17152	C	T	DNA	TPE
ref	17538	A	G	DNA	TEN
ref	17538	A	G	DNA	TPE
ref	18404	A	G	DNA	TEN
ref	18404	A	G	DNA	TEN.1
ref	18404	A	G	DNA	TEN.1.1
ref	18408	T	C	DNA	TEN
ref	18408	T	C	DNA	TEN.1
ref	18408	T	C	DNA	TEN.1.1
ref	18412	A	G	DNA	TEN
ref	18412	A	G	DNA	TEN.1
ref	18412	A	G	DNA	TEN.1.1
ref	18606	A	G	DNA	TPA.2.7
ref	19892	G	A	DNA	TEN
ref	19892	G	A	DNA	TPE
ref	19914	A	G	DNA	TPE.1.2
ref	20494	A	G	DNA	TPA.2.5
ref	20770	A	G	DNA	TEN
ref	20770	A	G	DNA	TPA
ref	20770	A	G	DNA	TPE
ref	21155	A	G	DNA	TEN
ref	21155	A	G	DNA	TPE
ref	21242	T	C	DNA	TEN
ref	21242	T	C	DNA	TPE
ref	24303	A	G	DNA	TPE.2.3
ref	24446	G	C	DNA	TEN
ref	24446	G	C	DNA	TPE
ref	24484	A	G	DNA	TEN
ref	24484	A	G	DNA	TPE
ref	24857	T	C	DNA	TEN
ref	24857	T	C	DNA	TPE
ref	25342	G	A	DNA	TPA.2.3
ref	27966	A	G	DNA	TPE.1.2
ref	29307	A	G	DNA	TPE.2.3
ref	31027	C	A	DNA	TEN
ref	31027	C	A	DNA	TEN.1
ref	31027	C	A	DNA	TEN.1.1
ref	33371	C	A	DNA	TPA.2.7
ref	33997	G	A	DNA	TPE.1.2
ref	34081	C	T	DNA	TEN
ref	34081	C	T	DNA	TPE
ref	36351	A	G	DNA	TPA.2.6
ref	37092	T	C	DNA	TPA.2.6
ref	37883	A	G	DNA	TPA.1.5
ref	38187	G	A	DNA	TEN
ref	38187	G	A	DNA	TPE
ref	38258	C	T	DNA	TPE.1.3
ref	38961	T	C	DNA	TEN
ref	38961	T	C	DNA	TPE
ref	39265	G	A	DNA	TPE.2.3
ref	39558	A	G	DNA	TEN
ref	39558	A	G	DNA	TPE
ref	39927	T	C	DNA	TEN
ref	39927	T	C	DNA	TPE
ref	40147	G	T	DNA	TEN
ref	40147	G	T	DNA	TPE
ref	41130	T	C	DNA	TEN.1
ref	41130	T	C	DNA	TPA.1
ref	41130	T	C	DNA	TPA.2
ref	41130	T	C	DNA	TPE.1
ref	41130	T	C	DNA	TPE.2
ref	41130	T	C	DNA	TPE.3
ref	41224	T	C	DNA	TPE.2
ref	41224	T	C	DNA	TPE.2.1
ref	41546	G	A	DNA	TEN
ref	41546	G	A	DNA	TEN.1
ref	41546	G	A	DNA	TEN.1.1
ref	42656	G	A	DNA	TEN
ref	42656	G	A	DNA	TEN.1
ref	42656	G	A	DNA	TEN.1.1
ref	42922	A	G	DNA	TPE.1.2
ref	43409	C	A	DNA	TPA.2.7
ref	45943	G	A	DNA	TEN
ref	45943	G	A	DNA	TPE
ref	46227	G	A	DNA	TEN
ref	46227	G	A	DNA	TPE
ref	46294	G	A	DNA	TPE.2.3
ref	46600	G	A	DNA	TPA.2.4
ref	46645	C	G	DNA	TEN
ref	46645	C	G	DNA	TPE
ref	46648	G	A	DNA	TPE.2.3
ref	46767	G	A	DNA	TEN
ref	46767	G	A	DNA	TPE
ref	47525	T	C	DNA	TEN.1
ref	47525	T	C	DNA	TPA.1
ref	47525	T	C	DNA	TPA.2
ref	47525	T	C	DNA	TPE.1
ref	47525	T	C	DNA	TPE.2
ref	47525	T	C	DNA	TPE.3
ref	48098	C	T	DNA	TPE
ref	48344	C	T	DNA	TPA.1.6
ref	49980	A	G	DNA	TEN
ref	49980	A	G	DNA	TPE
ref	50411	C	T	DNA	TPA.2.9
ref	50862	G	A	DNA	TEN
ref	50862	G	A	DNA	TPE
ref	52084	A	G	DNA	TEN
ref	52084	A	G	DNA	TEN.1
ref	52084	A	G	DNA	TEN.1.1
ref	54518	A	G	DNA	TEN
ref	54518	A	G	DNA	TPE
ref	55732	T	C	DNA	TPE.2.2
ref	55732	T	C	DNA	TPE.2.4
ref	55732	T	C	DNA	TPE.2.5
ref	56065	A	G	DNA	TPE.2.3
ref	57605	C	T	DNA	TEN
ref	57605	C	T	DNA	TPE
ref	58710	C	T	DNA	TPE.1.3
ref	58879	G	A	DNA	TPE.2
ref	58879	G	A	DNA	TPE.2.1
ref	59660	C	T	DNA	TPA.1.6
ref	60646	A	T	DNA	TPA.2.6
ref	61122	A	G	DNA	TPE.1.2
ref	61135	A	G	DNA	TPA.1.4
ref	61412	A	G	DNA	TEN
ref	61412	A	G	DNA	TPE
ref	61680	T	C	DNA	TPA.2.7
ref	62209	C	T	DNA	TEN
ref	62209	C	T	DNA	TPE
ref	62658	T	C	DNA	TEN
ref	62658	T	C	DNA	TPE
ref	62989	G	A	DNA	TEN
ref	62989	G	A	DNA	TPE
ref	64097	A	C	DNA	TEN
ref	64097	A	C	DNA	TPE
ref	64207	C	T	DNA	TPE.2.3
ref	64582	T	G	DNA	TEN
ref	64582	T	G	DNA	TPE
ref	64689	A	G	DNA	TEN
ref	64689	A	G	DNA	TPE
ref	65751	A	G	DNA	TEN
ref	65751	A	G	DNA	TEN.1
ref	65751	A	G	DNA	TEN.1.1
ref	66028	C	A	DNA	TEN
ref	66028	C	A	DNA	TEN.1
ref	66028	C	A	DNA	TEN.1.1
ref	67520	C	T	DNA	TPE.1.2
ref	68813	A	G	DNA	TEN
ref	68813	A	G	DNA	TPE
ref	69620	C	T	DNA	TEN
ref	69620	C	T	DNA	TPE
ref	69854	T	C	DNA	TEN
ref	69854	T	C	DNA	TEN.1
ref	69854	T	C	DNA	TEN.1.1
ref	70663	A	G	DNA	TPE.2.3
ref	71484	C	T	DNA	TPE.1.3
ref	71971	T	C	DNA	TEN
ref	71971	T	C	DNA	TPE
ref	72328	G	A	DNA	TPE
ref	72372	A	G	DNA	TPE
ref	72716	G	T	DNA	TPE
ref	72766	C	A	DNA	TEN
ref	72766	C	A	DNA	TEN.1
ref	72766	C	A	DNA	TEN.1.1
ref	72785	C	T	DNA	TEN
ref	72785	C	T	DNA	TEN.1
ref	72785	C	T	DNA	TEN.1.1
ref	72939	A	G	DNA	TPE.1.2
ref	73040	G	A	DNA	TEN
ref	73040	G	A	DNA	TEN.1
ref	73040	G	A	DNA	TEN.1.1
ref	73157	G	A	DNA	TEN.1
ref	73157	G	A	DNA	TPA.2
ref	73441	G	A	DNA	TEN
ref	73441	G	A	DNA	TEN.1
ref	73441	G	A	DNA	TEN.1.1
ref	73767	C	T	DNA	TEN
ref	73767	C	T	DNA	TEN.1
ref	73767	C	T	DNA	TEN.1.1
ref	74149	G	C	DNA	TEN
ref	74149	G	C	DNA	TEN.1
ref	74149	G	C	DNA	TEN.1.1
ref	74537	T	C	DNA	TPA.2.6
ref	74785	C	T	DNA	TEN
ref	74785	C	T	DNA	TPE
ref	75358	C	T	DNA	TPE
ref	78007	A	G	DNA	TPE.2.3
ref	78529	T	C	DNA	TEN
ref	78529	T	C	DNA	TPE
ref	78826	G	A	DNA	TPA.2.9
ref	79457	G	T	DNA	TPA.2.7
ref	79554	T	C	DNA	TPE.1
ref	79554	T	C	DNA	TPE.1.1
ref	79675	C	T	DNA	TEN
ref	79675	C	T	DNA	TEN.1
ref	79675	C	T	DNA	TEN.1.1
ref	79675	C	T	DNA	TPA
ref	79675	C	T	DNA	TPA.2
ref	79675	C	T	DNA	TPA.2.6
ref	79964	C	T	DNA	TEN.1
ref	79964	C	T	DNA	TPA.2
ref	79964	C	T	DNA	TPE.1
ref	79964	C	T	DNA	TPE.2
ref	79964	C	T	DNA	TPE.3
ref	80298	C	T	DNA	TEN
ref	80298	C	T	DNA	TEN.1
ref	80298	C	T	DNA	TEN.1.1
ref	80410	G	A	DNA	TPA.2.6
ref	80463	C	T	DNA	TPE.2.2
ref	80593	C	T	DNA	TPE.2.4
ref	81918	G	A	DNA	TEN
ref	81918	G	A	DNA	TPE
ref	85611	A	G	DNA	TPA.2.5
ref	87143	C	T	DNA	TPA.2.9
ref	87636	G	A	DNA	TEN
ref	87636	G	A	DNA	TEN.1
ref	87636	G	A	DNA	TEN.1.1
ref	88007	C	A	DNA	TPA.2
ref	88317	T	C	DNA	TPE.3
ref	88317	T	C	DNA	TPE.3.1
ref	89465	G	A	DNA	TEN
ref	89465	G	A	DNA	TPE
ref	90001	G	A	DNA	TEN
ref	90001	G	A	DNA	TPE
ref	90025	T	C	DNA	TPE.2.3
ref	90092	G	T	DNA	TPE
ref	90229	T	C	DNA	TEN
ref	90229	T	C	DNA	TPE
ref	91174	A	G	DNA	TPE.1
ref	91174	A	G	DNA	TPE.1.1
ref	94074	T	C	DNA	TEN.1
ref	94074	T	C	DNA	TPA.2
ref	94074	T	C	DNA	TPE.1
ref	94074	T	C	DNA	TPE.2
ref	94074	T	C	DNA	TPE.3
ref	94326	G	A	DNA	TPE.1.3
ref	94352	G	A	DNA	TEN
ref	94352	G	A	DNA	TPE
ref	95359	G	A	DNA	TEN
ref	95359	G	A	DNA	TPE
ref	95363	A	G	DNA	TEN
ref	95363	A	G	DNA	TPE
ref	95689	C	G	DNA	TEN
ref	95689	C	G	DNA	TPE
ref	96663	C	A	DNA	TEN
ref	96663	C	A	DNA	TEN.1
ref	96663	C	A	DNA	TEN.1.1
ref	96663	C	A	DNA	TPA
ref	96663	C	A	DNA	TPA.2
ref	96663	C	A	DNA	TPA.2.4
ref	97108	G	A	DNA	TEN
ref	97108	G	A	DNA	TEN.1
ref	97108	G	A	DNA	TEN.1.1
ref	97568	C	A	DNA	TPE.2.5
ref	98750	C	T	DNA	TPE.1.2
ref	99815	G	A	DNA	TEN
ref	99815	G	A	DNA	TPE
ref	101869	A	G	DNA	TEN.1.1
ref	101869	A	G	DNA	TPA.2.3
ref	101961	C	G	DNA	TPE.2
ref	101961	C	G	DNA	TPE.2.1
ref	104214	G	A	DNA	TPE.1.3
ref	104334	G	A	DNA	TEN
ref	104334	G	A	DNA	TEN.1
ref	104334	G	A	DNA	TEN.1.1
ref	105178	C	T	DNA	TPE.1.3
ref	105215	G	A	DNA	TPE.2.3
ref	105223	G	T	DNA	TPE.1.3
ref	105277	A	G	DNA	TPA.2.9
ref	106762	T	C	DNA	TEN
ref	106762	T	C	DNA	TEN.1
ref	106762	T	C	DNA	TEN.1.1
ref	107084	G	A	DNA	TEN
ref	107084	G	A	DNA	TPE
ref	107217	G	A	DNA	TPE.1
ref	107217	G	A	DNA	TPE.1.1
ref	107217	G	A	DNA	TPE.1.3
ref	108148	C	T	DNA	TPE.2.2
ref	108148	C	T	DNA	TPE.2.4
ref	108148	C	T	DNA	TPE.2.5
ref	108149	T	C	DNA	TPE
ref	109520	A	C	DNA	TEN
ref	109520	A	C	DNA	TPE
ref	111192	T	C	DNA	TEN
ref	111192	T	C	DNA	TPE
ref	111240	A	C	DNA	TEN
ref	111240	A	C	DNA	TPE
ref	111499	G	A	DNA	TEN
ref	111499	G	A	DNA	TPE
ref	111512	G	A	DNA	TPE.1.2
ref	111964	C	A	DNA	TPE.1
ref	111964	C	A	DNA	TPE.1.1
ref	111964	C	A	DNA	TPE.1.3
ref	112682	A	G	DNA	TEN
ref	112682	A	G	DNA	TEN.1
ref	112682	A	G	DNA	TEN.1.1
ref	113503	C	T	DNA	TPE.1.2
ref	113534	G	A	DNA	TEN
ref	113534	G	A	DNA	TPE
ref	113782	A	G	DNA	TPE
ref	114473	A	G	DNA	TEN
ref	114473	A	G	DNA	TEN.1
ref	114473	A	G	DNA	TEN.1.1
ref	114843	A	G	DNA	TEN
ref	114843	A	G	DNA	TEN.1
ref	114843	A	G	DNA	TEN.1.1
ref	114944	A	G	DNA	TPE.2.2
ref	114944	A	G	DNA	TPE.2.4
ref	114944	A	G	DNA	TPE.2.5
ref	117150	G	A	DNA	TEN
ref	117150	G	A	DNA	TPA
ref	117150	G	A	DNA	TPE
ref	120939	A	G	DNA	TEN
ref	120939	A	G	DNA	TPE
ref	121733	G	A	DNA	TPE
ref	122629	G	A	DNA	TPA.2.7
ref	125288	G	A	DNA	TEN
ref	125288	G	A	DNA	TPE
ref	125898	C	T	DNA	TEN
ref	125898	C	T	DNA	TPE
ref	125941	T	G	DNA	TEN
ref	125941	T	G	DNA	TPE
ref	125991	C	T	DNA	TEN
ref	125991	C	T	DNA	TPE
ref	126126	G	A	DNA	TEN
ref	126126	G	A	DNA	TPE
ref	126231	A	T	DNA	TEN
ref	126231	A	T	DNA	TPE
ref	126276	C	T	DNA	TEN
ref	126276	C	T	DNA	TPE
ref	126431	G	A	DNA	TEN
ref	126431	G	A	DNA	TPE
ref	126540	G	A	DNA	TEN
ref	126540	G	A	DNA	TPE
ref	126610	A	G	DNA	TPE
ref	126660	G	A	DNA	TEN
ref	126660	G	A	DNA	TPE
ref	128256	T	C	DNA	TEN
ref	128256	T	C	DNA	TPE
ref	128384	A	G	DNA	TPE.2.3
ref	128941	C	T	DNA	TPE.2.3
ref	129911	C	T	DNA	TPE.1.3
ref	130100	T	C	DNA	TEN
ref	130100	T	C	DNA	TPE
ref	131048	C	T	DNA	TPE
ref	132120	T	C	DNA	TPA.2.7
ref	132280	T	C	DNA	TEN.1
ref	132280	T	C	DNA	TPA.1
ref	132280	T	C	DNA	TPA.2
ref	132280	T	C	DNA	TPE.1
ref	132280	T	C	DNA	TPE.2
ref	132280	T	C	DNA	TPE.3
ref	132810	A	G	DNA	TEN
ref	132810	A	G	DNA	TPE
ref	133478	C	T	DNA	TEN
ref	133478	C	T	DNA	TPE
ref	133502	T	C	DNA	TEN
ref	133502	T	C	DNA	TPE
ref	133562	T	C	DNA	TEN
ref	133562	T	C	DNA	TPE
ref	133668	G	C	DNA	TEN
ref	133668	G	C	DNA	TPE
ref	134006	G	A	DNA	TPE
ref	134353	G	T	DNA	TEN
ref	134353	G	T	DNA	TPE
ref	136729	C	A	DNA	TPE.1.3
ref	137308	T	C	DNA	TEN
ref	137308	T	C	DNA	TEN.1
ref	137308	T	C	DNA	TEN.1.1
ref	137667	A	G	DNA	TEN
ref	137667	A	G	DNA	TEN.1
ref	137667	A	G	DNA	TEN.1.1
ref	139554	A	G	DNA	TEN
ref	139554	A	G	DNA	TPA
ref	139554	A	G	DNA	TPE
ref	140590	G	C	DNA	TPE.2.4
ref	140631	C	T	DNA	TEN
ref	140631	C	T	DNA	TEN.1
ref	140631	C	T	DNA	TEN.1.1
ref	140742	A	G	DNA	TEN
ref	140742	A	G	DNA	TPE
ref	140743	C	T	DNA	TEN
ref	140743	C	T	DNA	TPE
ref	140792	G	T	DNA	TPE
ref	141605	G	A	DNA	TEN
ref	141605	G	A	DNA	TPE
ref	141866	T	G	DNA	TPE.2.3
ref	142679	G	A	DNA	TPE.1
ref	142679	G	A	DNA	TPE.1.1
ref	143876	G	C	DNA	TEN
ref	143876	G	C	DNA	TPE
ref	144046	T	C	DNA	TPE.1.3
ref	145349	C	A	DNA	TPE.3
ref	145349	C	A	DNA	TPE.3.1
ref	146563	C	T	DNA	TPE.2.3
ref	146728	C	T	DNA	TPA.2.4
ref	146767	C	G	DNA	TPE
ref	146844	C	T	DNA	TPE.3
ref	146844	C	T	DNA	TPE.3.1
ref	148114	C	A	DNA	TPA.2
ref	148648	A	G	DNA	TEN
ref	148648	A	G	DNA	TEN.1
ref	148648	A	G	DNA	TEN.1.1
ref	148778	A	G	DNA	TEN
ref	148778	A	G	DNA	TPE
ref	148989	T	C	DNA	TPE.1.2
ref	149005	G	C	DNA	TEN
ref	149005	G	C	DNA	TEN.1
ref	149005	G	C	DNA	TEN.1.1
ref	149005	G	C	DNA	TPE
ref	149005	G	C	DNA	TPE.1
ref	149005	G	C	DNA	TPE.1.1
ref	149005	G	C	DNA	TPE.1.3
ref	149005	G	C	DNA	TPE.2
ref	149005	G	C	DNA	TPE.2.1
ref	149005	G	C	DNA	TPE.2.2
ref	149005	G	C	DNA	TPE.2.3
ref	149006	C	G	DNA	TPE
ref	149006	C	G	DNA	TPE.1
ref	149006	C	G	DNA	TPE.1.2
ref	149009	G	C	DNA	TPE
ref	149009	G	C	DNA	TPE.1
ref	149009	G	C	DNA	TPE.1.2
ref	149033	T	G	DNA	TEN
ref	149033	T	G	DNA	TEN.1
ref	149033	T	G	DNA	TEN.1.1
ref	149033	T	G	DNA	TPE
ref	149033	T	G	DNA	TPE.1
ref	149033	T	G	DNA	TPE.1.1
ref	149033	T	G	DNA	TPE.1.2
ref	149033	T	G	DNA	TPE.1.3
ref	149033	T	G	DNA	TPE.2
ref	149033	T	G	DNA	TPE.2.1
ref	149033	T	G	DNA	TPE.2.2
ref	149033	T	G	DNA	TPE.2.3
ref	149033	T	G	DNA	TPE.3
ref	149033	T	G	DNA	TPE.3.1
ref	149166	C	T	DNA	TEN.1
ref	149166	C	T	DNA	TPA.2
ref	149166	C	T	DNA	TPE.1
ref	149166	C	T	DNA	TPE.2
ref	149166	C	T	DNA	TPE.3
ref	149588	C	G	DNA	TEN.1
ref	149588	C	G	DNA	TPA.2
ref	149588	C	G	DNA	TPE.1
ref	149588	C	G	DNA	TPE.2
ref	149588	C	G	DNA	TPE.3
ref	150207	G	A	DNA	TPE.1.3
ref	150607	C	G	DNA	TPA.2
ref	151136	T	G	DNA	TEN
ref	151136	T	G	DNA	TPE
ref	151139	T	A	DNA	TEN
ref	151139	T	A	DNA	TPE
ref	151144	C	G	DNA	TEN
ref	151144	C	G	DNA	TPE
ref	151145	G	A	DNA	TEN
ref	151145	G	A	DNA	TPE
ref	151341	G	A	DNA	TEN
ref	151341	G	A	DNA	TPE
ref	151507	C	T	DNA	TEN
ref	151507	C	T	DNA	TPE
ref	151585	G	T	DNA	TEN
ref	151585	G	T	DNA	TPE
ref	151704	C	T	DNA	TEN
ref	151704	C	T	DNA	TPE
ref	151990	C	T	DNA	TPE.1.3
ref	152011	C	T	DNA	TEN
ref	152011	C	T	DNA	TEN.1
ref	152011	C	T	DNA	TEN.1.1
ref	152277	T	C	DNA	TEN
ref	152277	T	C	DNA	TPE
ref	152302	G	A	DNA	TEN
ref	152302	G	A	DNA	TEN.1
ref	152302	G	A	DNA	TEN.1.1
ref	152342	C	T	DNA	TEN
ref	152342	C	T	DNA	TPE
ref	152367	C	T	DNA	TPA.2.4
ref	152367	C	T	DNA	TPA.2.5
ref	152367	C	T	DNA	TPE.2.3
ref	154199	A	C	DNA	TPE
ref	154199	A	C	DNA	TPE.1
ref	154199	A	C	DNA	TPE.1.1
ref	154199	A	C	DNA	TPE.1.2
ref	154199	A	C	DNA	TPE.2
ref	154199	A	C	DNA	TPE.2.1
ref	154199	A	C	DNA	TPE.2.2
ref	154203	G	C	DNA	TPE
ref	154203	G	C	DNA	TPE.2
ref	154203	G	C	DNA	TPE.2.1
ref	154300	C	T	DNA	TEN
ref	154300	C	T	DNA	TEN.1
ref	154300	C	T	DNA	TPE
ref	154300	C	T	DNA	TPE.1
ref	154300	C	T	DNA	TPE.2
ref	154300	C	T	DNA	TPE.3
ref	154429	A	T	DNA	TPE
ref	154429	A	T	DNA	TPE.1
ref	154429	A	T	DNA	TPE.1.1
ref	154429	A	T	DNA	TPE.2
ref	154429	A	T	DNA	TPE.2.1
ref	154429	A	T	DNA	TPE.2.3
ref	154437	C	T	DNA	TEN
ref	154437	C	T	DNA	TEN.1
ref	154437	C	T	DNA	TEN.1.1
ref	154437	C	T	DNA	TPE
ref	154437	C	T	DNA	TPE.1
ref	154437	C	T	DNA	TPE.1.1
ref	154437	C	T	DNA	TPE.1.2
ref	154437	C	T	DNA	TPE.1.3
ref	154437	C	T	DNA	TPE.2
ref	154437	C	T	DNA	TPE.2.1
ref	154437	C	T	DNA	TPE.2.2
ref	154437	C	T	DNA	TPE.2.3
ref	154448	G	C	DNA	TEN
ref	154448	G	C	DNA	TEN.1
ref	154448	G	C	DNA	TEN.1.1
ref	154448	G	C	DNA	TPE
ref	154448	G	C	DNA	TPE.1
ref	154448	G	C	DNA	TPE.1.1
ref	154448	G	C	DNA	TPE.1.2
ref	154448	G	C	DNA	TPE.1.3
ref	154448	G	C	DNA	TPE.2
ref	154448	G	C	DNA	TPE.2.1
ref	154448	G	C	DNA	TPE.2.2
ref	154448	G	C	DNA	TPE.2.3
ref	154454	C	G	DNA	TEN
ref	154454	C	G	DNA	TEN.1
ref	154454	C	G	DNA	TEN.1.1
ref	154454	C	G	DNA	TPE
ref	154454	C	G	DNA	TPE.1
ref	154454	C	G	DNA	TPE.1.1
ref	154454	C	G	DNA	TPE.2
ref	154454	C	G	DNA	TPE.2.1
ref	154454	C	G	DNA	TPE.2.2
ref	154454	C	G	DNA	TPE.2.3
ref	154457	A	G	DNA	TEN
ref	154457	A	G	DNA	TEN.1
ref	154457	A	G	DNA	TEN.1.1
ref	154457	A	G	DNA	TPE
ref	154457	A	G	DNA	TPE.1
ref	154457	A	G	DNA	TPE.1.1
ref	154457	A	G	DNA	TPE.2
ref	154457	A	G	DNA	TPE.2.1
ref	154457	A	G	DNA	TPE.2.2
ref	154457	A	G	DNA	TPE.2.3
ref	154461	T	C	DNA	TEN
ref	154461	T	C	DNA	TEN.1
ref	154461	T	C	DNA	TEN.1.1
ref	154461	T	C	DNA	TPE
ref	154461	T	C	DNA	TPE.1
ref	154461	T	C	DNA	TPE.1.1
ref	154461	T	C	DNA	TPE.2
ref	154461	T	C	DNA	TPE.2.1
ref	154461	T	C	DNA	TPE.2.2
ref	154461	T	C	DNA	TPE.2.3
ref	154465	T	C	DNA	TEN
ref	154465	T	C	DNA	TEN.1
ref	154465	T	C	DNA	TEN.1.1
ref	154465	T	C	DNA	TPE
ref	154465	T	C	DNA	TPE.1
ref	154465	T	C	DNA	TPE.1.1
ref	154465	T	C	DNA	TPE.2
ref	154465	T	C	DNA	TPE.2.1
ref	154465	T	C	DNA	TPE.2.2
ref	154465	T	C	DNA	TPE.2.3
ref	154466	G	A	DNA	TEN
ref	154466	G	A	DNA	TEN.1
ref	154466	G	A	DNA	TEN.1.1
ref	154466	G	A	DNA	TPE
ref	154466	G	A	DNA	TPE.1
ref	154466	G	A	DNA	TPE.1.1
ref	154466	G	A	DNA	TPE.2
ref	154466	G	A	DNA	TPE.2.1
ref	154466	G	A	DNA	TPE.2.2
ref	154466	G	A	DNA	TPE.2.3
ref	154469	T	C	DNA	TEN
ref	154469	T	C	DNA	TEN.1
ref	154469	T	C	DNA	TEN.1.1
ref	154469	T	C	DNA	TPE
ref	154469	T	C	DNA	TPE.1
ref	154469	T	C	DNA	TPE.1.1
ref	154469	T	C	DNA	TPE.2
ref	154469	T	C	DNA	TPE.2.1
ref	154469	T	C	DNA	TPE.2.2
ref	154469	T	C	DNA	TPE.2.3
ref	154524	C	T	DNA	TEN
ref	154524	C	T	DNA	TEN.1
ref	154524	C	T	DNA	TPA
ref	154524	C	T	DNA	TPA.1
ref	154524	C	T	DNA	TPE
ref	154524	C	T	DNA	TPE.1
ref	154524	C	T	DNA	TPE.2
ref	154525	C	T	DNA	TEN
ref	154525	C	T	DNA	TEN.1
ref	154525	C	T	DNA	TPA
ref	154525	C	T	DNA	TPA.1
ref	154525	C	T	DNA	TPE
ref	154525	C	T	DNA	TPE.1
ref	154525	C	T	DNA	TPE.2
ref	154542	C	T	DNA	TPE.1.1
ref	154542	C	T	DNA	TPE.1.3
ref	154542	C	T	DNA	TPE.2.5
ref	154543	T	C	DNA	TEN
ref	154543	T	C	DNA	TPE
ref	154549	T	C	DNA	TPE.1.3
ref	154574	C	G	DNA	TPE.1.2
ref	154592	A	G	DNA	TEN
ref	154592	A	G	DNA	TPE
ref	154607	G	C	DNA	TEN
ref	154607	G	C	DNA	TPE
ref	154609	T	C	DNA	TEN
ref	154609	T	C	DNA	TPE
ref	154611	C	T	DNA	TEN
ref	154611	C	T	DNA	TPE
ref	154615	T	C	DNA	TPE.1.3
ref	154720	G	A	DNA	TEN
ref	154720	G	A	DNA	TPA
ref	154720	G	A	DNA	TPE
ref	154842	T	G	DNA	TEN
ref	154842	T	G	DNA	TPA
ref	154842	T	G	DNA	TPE
ref	155352	A	G	DNA	TPE.1.3
ref	155683	G	C	DNA	TEN
ref	155683	G	C	DNA	TEN.1
ref	155683	G	C	DNA	TEN.1.1
ref	155683	G	C	DNA	TPE
ref	155683	G	C	DNA	TPE.1
ref	155683	G	C	DNA	TPE.1.1
ref	155683	G	C	DNA	TPE.1.2
ref	155683	G	C	DNA	TPE.1.3
ref	155683	G	C	DNA	TPE.2
ref	155683	G	C	DNA	TPE.2.1
ref	155683	G	C	DNA	TPE.2.2
ref	155686	G	A	DNA	TEN
ref	155686	G	A	DNA	TEN.1
ref	155686	G	A	DNA	TEN.1.1
ref	155686	G	A	DNA	TPE
ref	155686	G	A	DNA	TPE.1
ref	155686	G	A	DNA	TPE.1.1
ref	155686	G	A	DNA	TPE.1.2
ref	155686	G	A	DNA	TPE.1.3
ref	155686	G	A	DNA	TPE.2
ref	155686	G	A	DNA	TPE.2.1
ref	155686	G	A	DNA	TPE.2.2
ref	155690	C	T	DNA	TEN
ref	155690	C	T	DNA	TEN.1
ref	155690	C	T	DNA	TEN.1.1
ref	155690	C	T	DNA	TPE
ref	155690	C	T	DNA	TPE.1
ref	155690	C	T	DNA	TPE.1.1
ref	155690	C	T	DNA	TPE.1.2
ref	155690	C	T	DNA	TPE.1.3
ref	155690	C	T	DNA	TPE.2
ref	155690	C	T	DNA	TPE.2.1
ref	155690	C	T	DNA	TPE.2.2
ref	155694	C	T	DNA	TEN
ref	155694	C	T	DNA	TEN.1
ref	155694	C	T	DNA	TEN.1.1
ref	155694	C	T	DNA	TPE
ref	155694	C	T	DNA	TPE.1
ref	155694	C	T	DNA	TPE.1.1
ref	155694	C	T	DNA	TPE.1.2
ref	155694	C	T	DNA	TPE.1.3
ref	155694	C	T	DNA	TPE.2
ref	155694	C	T	DNA	TPE.2.1
ref	155694	C	T	DNA	TPE.2.2
ref	155695	A	G	DNA	TEN
ref	155695	A	G	DNA	TEN.1
ref	155695	A	G	DNA	TEN.1.1
ref	155695	A	G	DNA	TPE
ref	155695	A	G	DNA	TPE.1
ref	155695	A	G	DNA	TPE.1.1
ref	155695	A	G	DNA	TPE.1.2
ref	155695	A	G	DNA	TPE.1.3
ref	155695	A	G	DNA	TPE.2
ref	155695	A	G	DNA	TPE.2.1
ref	155695	A	G	DNA	TPE.2.2
ref	155698	C	T	DNA	TEN
ref	155698	C	T	DNA	TEN.1
ref	155698	C	T	DNA	TEN.1.1
ref	155698	C	T	DNA	TPE
ref	155698	C	T	DNA	TPE.1
ref	155698	C	T	DNA	TPE.1.1
ref	155698	C	T	DNA	TPE.1.2
ref	155698	C	T	DNA	TPE.1.3
ref	155698	C	T	DNA	TPE.2
ref	155698	C	T	DNA	TPE.2.1
ref	155698	C	T	DNA	TPE.2.2
ref	155771	T	C	DNA	TEN
ref	155771	T	C	DNA	TEN.1
ref	155771	T	C	DNA	TEN.1.1
ref	155771	T	C	DNA	TPE
ref	155771	T	C	DNA	TPE.1
ref	155771	T	C	DNA	TPE.1.1
ref	155771	T	C	DNA	TPE.1.2
ref	155771	T	C	DNA	TPE.3
ref	155771	T	C	DNA	TPE.3.1
ref	155778	T	C	DNA	TPE.1.3
ref	155862	T	C	DNA	TEN.1
ref	155862	T	C	DNA	TPA.2
ref	155862	T	C	DNA	TPE.1
ref	155862	T	C	DNA	TPE.2
ref	155862	T	C	DNA	TPE.3
ref	156527	A	G	DNA	TEN
ref	156527	A	G	DNA	TPA
ref	156527	A	G	DNA	TPE
ref	156530	C	T	DNA	TEN
ref	156530	C	T	DNA	TPE
ref	156578	T	C	DNA	TEN
ref	156578	T	C	DNA	TPE
ref	156595	G	C	DNA	TEN
ref	156595	G	C	DNA	TPA
ref	156595	G	C	DNA	TPE
ref	156771	A	G	DNA	TEN.1
ref	156771	A	G	DNA	TPA.1
ref	156771	A	G	DNA	TPA.2
ref	156771	A	G	DNA	TPE.1
ref	156771	A	G	DNA	TPE.2
ref	156771	A	G	DNA	TPE.3
ref	156772	G	A	DNA	TEN
ref	156772	G	A	DNA	TPE
ref	156773	T	C	DNA	TEN
ref	156773	T	C	DNA	TPE
ref	157128	T	C	DNA	TEN
ref	157128	T	C	DNA	TEN.1
ref	157128	T	C	DNA	TEN.1.1
ref	157315	G	C	DNA	TEN
ref	157315	G	C	DNA	TPE
ref	157449	G	C	DNA	TEN
ref	157449	G	C	DNA	TEN.1
ref	157449	G	C	DNA	TEN.1.1
ref	157554	C	A	DNA	TPA.1.6
ref	157673	C	G	DNA	TPE
ref	159540	G	C	DNA	TPA.2
ref	159690	T	G	DNA	TEN
ref	159690	T	G	DNA	TPA
ref	159690	T	G	DNA	TPE
ref	159703	A	G	DNA	TEN
ref	159703	A	G	DNA	TPE
ref	159705	T	G	DNA	TEN
ref	159705	T	G	DNA	TPE
ref	161099	C	T	DNA	TEN
ref	161099	C	T	DNA	TPE
ref	161714	C	T	DNA	TEN
ref	161714	C	T	DNA	TPE
ref	161744	G	A	DNA	TEN
ref	161744	G	A	DNA	TPE
ref	161815	C	T	DNA	TPE.2
ref	161815	C	T	DNA	TPE.2.1
ref	162146	A	G	DNA	TEN
ref	162146	A	G	DNA	TPE
ref	162181	T	C	DNA	TPE.1
ref	162181	T	C	DNA	TPE.1.1
ref	162181	T	C	DNA	TPE.1.3
ref	162443	G	A	DNA	TEN
ref	162443	G	A	DNA	TPE
ref	162460	G	A	DNA	TEN
ref	162460	G	A	DNA	TPE
ref	162528	G	A	DNA	TEN
ref	162528	G	A	DNA	TPE
ref	162716	T	C	DNA	TEN
ref	162716	T	C	DNA	TPE
ref	162768	G	A	DNA	TPE.2.2
ref	162768	G	A	DNA	TPE.2.4
ref	162768	G	A	DNA	TPE.2.5
ref	163096	G	A	DNA	TEN
ref	163096	G	A	DNA	TPE
ref	163270	C	T	DNA	TPE.2.4
ref	165234	A	G	DNA	TPE.1.3
ref	165348	C	T	DNA	TEN
ref	165348	C	T	DNA	TPE
ref	165549	T	C	DNA	TEN
ref	165549	T	C	DNA	TPE
ref	165729	G	A	DNA	TEN
ref	165729	G	A	DNA	TPE
ref	165765	T	C	DNA	TEN
ref	165765	T	C	DNA	TPE
ref	166750	T	C	DNA	TEN
ref	166750	T	C	DNA	TEN.1
ref	166750	T	C	DNA	TEN.1.1
ref	166917	G	A	DNA	TEN
ref	166917	G	A	DNA	TPE
ref	167231	T	C	DNA	TEN
ref	167231	T	C	DNA	TPE
ref	167604	G	T	DNA	TEN
ref	167604	G	T	DNA	TPE
ref	168280	A	G	DNA	TPE.3
ref	168280	A	G	DNA	TPE.3.1
ref	168867	A	G	DNA	TEN
ref	168867	A	G	DNA	TPE
ref	170052	T	C	DNA	TPA.1.3
ref	170259	A	G	DNA	TEN
ref	170259	A	G	DNA	TPE
ref	171391	A	G	DNA	TEN
ref	171391	A	G	DNA	TPE
ref	171555	G	A	DNA	TPA.2.5
ref	171772	G	A	DNA	TEN
ref	171772	G	A	DNA	TPE
ref	172274	T	C	DNA	TEN
ref	172274	T	C	DNA	TPE
ref	172493	T	C	DNA	TEN
ref	172493	T	C	DNA	TPE
ref	173278	T	C	DNA	TEN
ref	173278	T	C	DNA	TPE
ref	174290	C	A	DNA	TPE.2.5
ref	174368	G	A	DNA	TEN
ref	174368	G	A	DNA	TPE
ref	175575	C	G	DNA	TEN
ref	175575	C	G	DNA	TPE
ref	178826	G	T	DNA	TEN
ref	178826	G	T	DNA	TPE
ref	179207	A	G	DNA	TPA.2.3
ref	182722	C	T	DNA	TEN
ref	182722	C	T	DNA	TEN.1
ref	182722	C	T	DNA	TEN.1.1
ref	184476	C	T	DNA	TEN
ref	184476	C	T	DNA	TPE
ref	184500	C	T	DNA	TEN
ref	184500	C	T	DNA	TEN.1
ref	184500	C	T	DNA	TEN.1.1
ref	185791	A	G	DNA	TPA.2.7
ref	189439	C	T	DNA	TPA.1.4
ref	189798	C	A	DNA	TPE.2.4
ref	189959	G	A	DNA	TPA.1.6
ref	189975	A	G	DNA	TPA.1.2
ref	191076	T	C	DNA	TPE.2.3
ref	192035	C	T	DNA	TEN
ref	192035	C	T	DNA	TPE
ref	193587	A	G	DNA	TPE.1.2
ref	193974	T	C	DNA	TPE.1.2
ref	197445	G	A	DNA	TEN.1
ref	197445	G	A	DNA	TPA.2
ref	197445	G	A	DNA	TPE.1
ref	197445	G	A	DNA	TPE.2
ref	197445	G	A	DNA	TPE.3
ref	199749	A	G	DNA	TEN
ref	199749	A	G	DNA	TEN.1
ref	199749	A	G	DNA	TEN.1.1
ref	202293	A	G	DNA	TPA.2.7
ref	202452	T	C	DNA	TPA.2.7
ref	202556	A	G	DNA	TPA.2.2
ref	203360	A	G	DNA	TEN
ref	203360	A	G	DNA	TEN.1
ref	203360	A	G	DNA	TEN.1.1
ref	203823	G	T	DNA	TEN
ref	203823	G	T	DNA	TEN.1
ref	203823	G	T	DNA	TEN.1.1
ref	203939	A	G	DNA	TEN
ref	203939	A	G	DNA	TEN.1
ref	203939	A	G	DNA	TEN.1.1
ref	204489	G	A	DNA	TEN
ref	204489	G	A	DNA	TPE
ref	204846	T	C	DNA	TPE.2.3
ref	205766	T	A	DNA	TPA.2.4
ref	205994	T	C	DNA	TEN
ref	205994	T	C	DNA	TPE
ref	207270	G	A	DNA	TEN
ref	207270	G	A	DNA	TPE
ref	209061	C	T	DNA	TPE
ref	209975	G	A	DNA	TPE.2.4
ref	210422	A	G	DNA	TPE.2
ref	210422	A	G	DNA	TPE.2.1
ref	210458	G	A	DNA	TEN
ref	210458	G	A	DNA	TPE
ref	210625	C	T	DNA	TEN
ref	210625	C	T	DNA	TPE
ref	210789	A	G	DNA	TPE
ref	213723	A	G	DNA	TEN
ref	213723	A	G	DNA	TPE
ref	213784	A	G	DNA	TPA.2.7
ref	214321	T	C	DNA	TEN
ref	214321	T	C	DNA	TPE
ref	214767	C	A	DNA	TEN
ref	214767	C	A	DNA	TPE
ref	214973	C	A	DNA	TPE.3
ref	214973	C	A	DNA	TPE.3.1
ref	215557	A	G	DNA	TEN
ref	215557	A	G	DNA	TPE
ref	216051	G	C	DNA	TEN
ref	216051	G	C	DNA	TPE
ref	218012	G	C	DNA	TPE
ref	219981	A	G	DNA	TEN
ref	219981	A	G	DNA	TPE
ref	221848	G	A	DNA	TEN
ref	221848	G	A	DNA	TPE
ref	223898	C	T	DNA	TEN
ref	223898	C	T	DNA	TEN.1
ref	223898	C	T	DNA	TEN.1.1
ref	226256	C	T	DNA	TPE.1
ref	226256	C	T	DNA	TPE.1.1
ref	227748	G	A	DNA	TEN
ref	227748	G	A	DNA	TPE
ref	228362	G	C	DNA	TPA.1.8
ref	228362	G	C	DNA	TPA.2.2
ref	228664	G	A	DNA	TEN
ref	228664	G	A	DNA	TPE
ref	230202	A	G	DNA	TEN
ref	230202	A	G	DNA	TEN.1
ref	230202	A	G	DNA	TEN.1.1
ref	230218	A	C	DNA	TEN
ref	230218	A	C	DNA	TEN.1
ref	230218	A	C	DNA	TEN.1.1
ref	230221	C	T	DNA	TEN
ref	230221	C	T	DNA	TEN.1
ref	230221	C	T	DNA	TEN.1.1
ref	230226	C	T	DNA	TEN
ref	230226	C	T	DNA	TEN.1
ref	230226	C	T	DNA	TEN.1.1
ref	230238	G	A	DNA	TEN
ref	230238	G	A	DNA	TEN.1
ref	230238	G	A	DNA	TEN.1.1
ref	230277	G	A	DNA	TEN
ref	230277	G	A	DNA	TPE
ref	230281	G	A	DNA	TEN
ref	230281	G	A	DNA	TEN.1
ref	230281	G	A	DNA	TEN.1.1
ref	230283	C	T	DNA	TEN
ref	230283	C	T	DNA	TEN.1
ref	230283	C	T	DNA	TEN.1.1
ref	230284	A	G	DNA	TPE.1.3
ref	230285	T	C	DNA	TEN
ref	230285	T	C	DNA	TEN.1
ref	230285	T	C	DNA	TEN.1.1
ref	230289	T	C	DNA	TEN
ref	230289	T	C	DNA	TEN.1
ref	230289	T	C	DNA	TEN.1.1
ref	230294	A	T	DNA	TEN
ref	230294	A	T	DNA	TEN.1
ref	230294	A	T	DNA	TEN.1.1
ref	230301	G	A	DNA	TEN
ref	230301	G	A	DNA	TEN.1
ref	230301	G	A	DNA	TEN.1.1
ref	230337	T	G	DNA	TEN
ref	230337	T	G	DNA	TPE
ref	230364	G	A	DNA	TEN
ref	230364	G	A	DNA	TEN.1
ref	230364	G	A	DNA	TEN.1.1
ref	230370	A	G	DNA	TPE.1
ref	230370	A	G	DNA	TPE.1.1
ref	230370	A	G	DNA	TPE.1.3
ref	230523	C	T	DNA	TPE.3
ref	230523	C	T	DNA	TPE.3.1
ref	230616	A	C	DNA	TEN
ref	230616	A	C	DNA	TEN.1
ref	230616	A	C	DNA	TEN.1.1
ref	230845	G	A	DNA	TEN
ref	230845	G	A	DNA	TPE
ref	231042	G	A	DNA	TEN
ref	231042	G	A	DNA	TEN.1
ref	231042	G	A	DNA	TEN.1.1
ref	231043	T	C	DNA	TEN
ref	231043	T	C	DNA	TEN.1
ref	231043	T	C	DNA	TEN.1.1
ref	231211	A	G	DNA	TPE
ref	231211	A	G	DNA	TPE.1
ref	231211	A	G	DNA	TPE.2
ref	236433	A	G	DNA	TEN
ref	236433	A	G	DNA	TPE
ref	236475	A	G	DNA	TEN
ref	236475	A	G	DNA	TEN.1
ref	236475	A	G	DNA	TEN.1.1
ref	236584	T	C	DNA	TPA.1.8
ref	237033	A	C	DNA	TEN
ref	237033	A	C	DNA	TPE
ref	237181	T	C	DNA	TPE
ref	237788	G	T	DNA	TPA.1
ref	237788	G	T	DNA	TPA.2
ref	238449	A	G	DNA	TEN
ref	238449	A	G	DNA	TPE
ref	238452	G	A	DNA	TEN
ref	238452	G	A	DNA	TPE
ref	238454	G	A	DNA	TEN
ref	238454	G	A	DNA	TPE
ref	239152	C	G	DNA	TEN
ref	239152	C	G	DNA	TPE
ref	240111	C	T	DNA	TPA.2.5
ref	240590	C	A	DNA	TPE.2.5
ref	242334	G	A	DNA	TEN
ref	242334	G	A	DNA	TPE
ref	242381	T	C	DNA	TEN
ref	242381	T	C	DNA	TPE
ref	242708	A	G	DNA	TPA.2.5
ref	244889	A	G	DNA	TPA.2.5
ref	246381	T	C	DNA	TPE.2.3
ref	246826	G	A	DNA	TEN
ref	246826	G	A	DNA	TPE
ref	247510	C	T	DNA	TEN
ref	247510	C	T	DNA	TPE
ref	247901	C	T	DNA	TEN
ref	247901	C	T	DNA	TEN.1
ref	247901	C	T	DNA	TEN.1.1
ref	249995	A	G	DNA	TPE.2.3
ref	250004	G	C	DNA	TPE.2.3
ref	250007	T	A	DNA	TPE.2.3
ref	250019	T	C	DNA	TPE.2.3
ref	250022	A	C	DNA	TPE.2.3
ref	250032	C	T	DNA	TPE.2.3
ref	250811	G	A	DNA	TEN
ref	250811	G	A	DNA	TPE
ref	251751	T	G	DNA	TPE.1
ref	251751	T	G	DNA	TPE.1.1
ref	251751	T	G	DNA	TPE.1.3
ref	251911	C	T	DNA	TPE.3
ref	251911	C	T	DNA	TPE.3.1
ref	251918	G	A	DNA	TPA.2.7
ref	252824	C	T	DNA	TPA.2.7
ref	253264	T	C	DNA	TEN
ref	253264	T	C	DNA	TEN.1
ref	253264	T	C	DNA	TEN.1.1
ref	253380	G	A	DNA	TPA.2.6
ref	254215	G	A	DNA	TPE
ref	254434	G	A	DNA	TPE.2
ref	254434	G	A	DNA	TPE.2.1
ref	255053	C	G	DNA	TEN
ref	255053	C	G	DNA	TPE
ref	257318	G	A	DNA	TPE.2
ref	257318	G	A	DNA	TPE.2.1
ref	258783	G	A	DNA	TPA.1.6
ref	260817	G	T	DNA	TPE.1.3
ref	262240	G	A	DNA	TEN
ref	262240	G	A	DNA	TPE
ref	264923	C	T	DNA	TPA.2.5
ref	265156	G	A	DNA	TEN
ref	265156	G	A	DNA	TPE
ref	265293	C	T	DNA	TEN
ref	265293	C	T	DNA	TEN.1
ref	265293	C	T	DNA	TEN.1.1
ref	266091	C	T	DNA	TEN
ref	266091	C	T	DNA	TEN.1
ref	266091	C	T	DNA	TEN.1.1
ref	266587	T	C	DNA	TPE.3
ref	266587	T	C	DNA	TPE.3.1
ref	266793	C	T	DNA	TPE.1.3
ref	267876	A	G	DNA	TPA.1.6
ref	268211	C	T	DNA	TPA.2.7
ref	268389	C	T	DNA	TEN
ref	268389	C	T	DNA	TPE
ref	268878	C	T	DNA	TPE.1
ref	268878	C	T	DNA	TPE.1.1
ref	268878	C	T	DNA	TPE.1.3
ref	269965	A	G	DNA	TEN
ref	269965	A	G	DNA	TPE
ref	271149	G	T	DNA	TPA.2.5
ref	271150	C	T	DNA	TPA.2.5
ref	271356	A	G	DNA	TPE.2
ref	271356	A	G	DNA	TPE.2.1
ref	271683	T	C	DNA	TPE.1.2
ref	271796	A	G	DNA	TEN
ref	271796	A	G	DNA	TPE
ref	272615	G	C	DNA	TEN
ref	272615	G	C	DNA	TEN.1
ref	272615	G	C	DNA	TEN.1.1
ref	272999	T	C	DNA	TEN
ref	272999	T	C	DNA	TPE
ref	273225	T	C	DNA	TPE
ref	273481	C	A	DNA	TPA.2.7
ref	273524	A	G	DNA	TEN
ref	273524	A	G	DNA	TPE
ref	273631	T	C	DNA	TEN
ref	273631	T	C	DNA	TPE
ref	274240	C	T	DNA	TEN
ref	274240	C	T	DNA	TPE
ref	275117	G	T	DNA	TEN
ref	275117	G	T	DNA	TPE
ref	276470	G	A	DNA	TEN
ref	276470	G	A	DNA	TEN.1
ref	276470	G	A	DNA	TEN.1.1
ref	278076	T	C	DNA	TPE.2.3
ref	278480	T	C	DNA	TEN
ref	278480	T	C	DNA	TPE
ref	279333	A	G	DNA	TPA.2.1
ref	279646	A	G	DNA	TPE
ref	279646	A	G	DNA	TPE.1
ref	279646	A	G	DNA	TPE.1.1
ref	279646	A	G	DNA	TPE.1.2
ref	279646	A	G	DNA	TPE.1.3
ref	279646	A	G	DNA	TPE.2
ref	279646	A	G	DNA	TPE.2.1
ref	279646	A	G	DNA	TPE.2.2
ref	279646	A	G	DNA	TPE.2.3
ref	285138	C	G	DNA	TEN
ref	285138	C	G	DNA	TPE
ref	285328	C	T	DNA	TPA.2.5
ref	286822	A	G	DNA	TPE
ref	287114	T	C	DNA	TEN
ref	287114	T	C	DNA	TPE
ref	288184	C	T	DNA	TPA.2.3
ref	288285	T	A	DNA	TEN
ref	288285	T	A	DNA	TPE
ref	288914	C	A	DNA	TPA.2.1
ref	289727	C	T	DNA	TPA.2.4
ref	289813	C	T	DNA	TPE.1.2
ref	291096	A	G	DNA	TEN
ref	291096	A	G	DNA	TEN.1
ref	291096	A	G	DNA	TEN.1.1
ref	293017	G	A	DNA	TPE.1.3
ref	293816	G	A	DNA	TPA.2.5
ref	293955	A	G	DNA	TPA.2.6
ref	298087	A	G	DNA	TEN
ref	298087	A	G	DNA	TPE
ref	299064	C	T	DNA	TPA.1.6
ref	301228	G	A	DNA	TPE.1.3
ref	302138	C	T	DNA	TPA.1.5
ref	302162	A	G	DNA	TPA.2
ref	302761	G	A	DNA	TEN
ref	302761	G	A	DNA	TPA
ref	302761	G	A	DNA	TPE
ref	303084	C	T	DNA	TEN
ref	303084	C	T	DNA	TEN.1
ref	303084	C	T	DNA	TEN.1.1
ref	305562	G	A	DNA	TEN
ref	305562	G	A	DNA	TPE
ref	308062	G	A	DNA	TPE
ref	308819	C	T	DNA	TEN
ref	308819	C	T	DNA	TPE
ref	310923	T	C	DNA	TEN
ref	310923	T	C	DNA	TPE
ref	312126	A	T	DNA	TEN.1
ref	312126	A	T	DNA	TPA.2
ref	312126	A	T	DNA	TPE.1
ref	312126	A	T	DNA	TPE.2
ref	312126	A	T	DNA	TPE.3
ref	312128	T	G	DNA	TEN.1
ref	312128	T	G	DNA	TPA.2
ref	312128	T	G	DNA	TPE.1
ref	312128	T	G	DNA	TPE.2
ref	312128	T	G	DNA	TPE.3
ref	312134	G	A	DNA	TEN
ref	312134	G	A	DNA	TPE
ref	313506	A	G	DNA	TEN
ref	313506	A	G	DNA	TPE
ref	313687	T	C	DNA	TEN
ref	313687	T	C	DNA	TPE
ref	316747	A	G	DNA	TPE.2.3
ref	317629	C	T	DNA	TEN
ref	317629	C	T	DNA	TPE
ref	317909	G	T	DNA	TPE.2.4
ref	319051	T	C	DNA	TEN
ref	319051	T	C	DNA	TPE
ref	319053	G	A	DNA	TEN
ref	319053	G	A	DNA	TPE
ref	319061	G	A	DNA	TEN
ref	319061	G	A	DNA	TPE
ref	319109	G	A	DNA	TPE
ref	319130	A	G	DNA	TEN
ref	319130	A	G	DNA	TPE
ref	319131	A	C	DNA	TPA.2.5
ref	319149	G	T	DNA	TEN
ref	319149	G	T	DNA	TPE
ref	319274	T	C	DNA	TPA.2.7
ref	319292	T	C	DNA	TPA.2.7
ref	319389	A	G	DNA	TEN
ref	319389	A	G	DNA	TPE
ref	319395	T	C	DNA	TPA.1.6
ref	319435	T	G	DNA	TEN
ref	319435	T	G	DNA	TPE
ref	319451	A	T	DNA	TEN
ref	319451	A	T	DNA	TPE
ref	319457	C	T	DNA	TEN
ref	319457	C	T	DNA	TPE
ref	319548	C	A	DNA	TPA.1.8
ref	319689	C	T	DNA	TPA.2.1
ref	320572	G	T	DNA	TPE.2.4
ref	320663	G	A	DNA	TEN
ref	320663	G	A	DNA	TEN.1
ref	320663	G	A	DNA	TEN.1.1
ref	320730	T	C	DNA	TEN.1
ref	320730	T	C	DNA	TPA.1
ref	320730	T	C	DNA	TPA.2
ref	320730	T	C	DNA	TPE.1
ref	320730	T	C	DNA	TPE.2
ref	320730	T	C	DNA	TPE.3
ref	320872	C	T	DNA	TEN.1
ref	320872	C	T	DNA	TPA.2
ref	320872	C	T	DNA	TPE.1
ref	320872	C	T	DNA	TPE.2
ref	320872	C	T	DNA	TPE.3
ref	320950	T	C	DNA	TPA.2.7
ref	321006	G	A	DNA	TPA.2.7
ref	321121	A	C	DNA	TPE.2.3
ref	321342	T	C	DNA	TEN
ref	321342	T	C	DNA	TPE
ref	321650	G	A	DNA	TPA.2.5
ref	322368	G	C	DNA	TPE.2.3
ref	323930	T	C	DNA	TPE
ref	324244	T	C	DNA	TEN
ref	324244	T	C	DNA	TEN.1
ref	324244	T	C	DNA	TEN.1.1
ref	324976	C	T	DNA	TPE.3
ref	324976	C	T	DNA	TPE.3.1
ref	326196	A	G	DNA	TEN
ref	326196	A	G	DNA	TPE
ref	326501	C	T	DNA	TEN
ref	326501	C	T	DNA	TEN.1
ref	326501	C	T	DNA	TEN.1.1
ref	326682	C	A	DNA	TPA.1.8
ref	326782	T	C	DNA	TEN
ref	326782	T	C	DNA	TEN.1
ref	326782	T	C	DNA	TEN.1.1
ref	327043	G	A	DNA	TPE.2.3
ref	327101	C	T	DNA	TPA.2.7
ref	327464	A	G	DNA	TEN.1
ref	327464	A	G	DNA	TPA.2
ref	327464	A	G	DNA	TPE.1
ref	327464	A	G	DNA	TPE.2
ref	327464	A	G	DNA	TPE.3
ref	327640	C	T	DNA	TPA.2
ref	327704	C	T	DNA	TPA.2
ref	328446	G	A	DNA	TPA.1.8
ref	328777	A	G	DNA	TPE.2.3
ref	329131	T	A	DNA	TEN
ref	329131	T	A	DNA	TPE
ref	335911	A	T	DNA	TEN
ref	335911	A	T	DNA	TPE
ref	336025	A	G	DNA	TEN
ref	336025	A	G	DNA	TPE
ref	336315	G	A	DNA	TEN
ref	336315	G	A	DNA	TPE
ref	337422	C	T	DNA	TPA.2.7
ref	337572	T	C	DNA	TPA.1.6
ref	337572	T	C	DNA	TPA.2.4
ref	337572	T	C	DNA	TPA.2.6
ref	337572	T	C	DNA	TPE.1.2
ref	337766	C	T	DNA	TPA.2.6
ref	337797	A	G	DNA	TPA.2.6
ref	337825	T	C	DNA	TEN
ref	337825	T	C	DNA	TPE
ref	338148	G	C	DNA	TEN
ref	338148	G	C	DNA	TPA
ref	338148	G	C	DNA	TPE
ref	338915	C	T	DNA	TPA.2.6
ref	340137	A	G	DNA	TPE.1.3
ref	340740	C	T	DNA	TPA.1.6
ref	340740	C	T	DNA	TPA.2.2
ref	340740	C	T	DNA	TPE.1.3
ref	343177	C	T	DNA	TPE.1.3
ref	343468	C	T	DNA	TPE.1.3
ref	343856	C	T	DNA	TEN
ref	343856	C	T	DNA	TEN.1
ref	343856	C	T	DNA	TEN.1.1
ref	349154	G	A	DNA	TPE.2
ref	349154	G	A	DNA	TPE.2.1
ref	349211	G	T	DNA	TPE.2.2
ref	349211	G	T	DNA	TPE.2.4
ref	349211	G	T	DNA	TPE.2.5
ref	350741	C	A	DNA	TPE.1.3
ref	351815	T	C	DNA	TEN
ref	351815	T	C	DNA	TPE
ref	353213	C	T	DNA	TEN
ref	353213	C	T	DNA	TPE
ref	353391	C	T	DNA	TPA.2
ref	353688	C	T	DNA	TPA.2.7
ref	353711	C	T	DNA	TEN
ref	353711	C	T	DNA	TPE
ref	354018	A	G	DNA	TPA.2.7
ref	354461	A	G	DNA	TPE
ref	355002	A	G	DNA	TEN.1
ref	355002	A	G	DNA	TPA.2
ref	355002	A	G	DNA	TPE.1
ref	355002	A	G	DNA	TPE.2
ref	355002	A	G	DNA	TPE.3
ref	355940	C	A	DNA	TPA.2.7
ref	356342	T	C	DNA	TPE.1
ref	356342	T	C	DNA	TPE.1.1
ref	357166	G	A	DNA	TPA.2.7
ref	358192	A	G	DNA	TPA.2.3
ref	358645	G	A	DNA	TPA.2.7
ref	358790	G	A	DNA	TEN
ref	358790	G	A	DNA	TPE
ref	358838	T	C	DNA	TEN
ref	358838	T	C	DNA	TPE
ref	359484	G	A	DNA	TPE.1.3
ref	360505	A	G	DNA	TEN
ref	360505	A	G	DNA	TPE
ref	365979	A	G	DNA	TEN
ref	365979	A	G	DNA	TPE
ref	366445	A	G	DNA	TPE.2
ref	366445	A	G	DNA	TPE.2.1
ref	367653	T	C	DNA	TEN
ref	367653	T	C	DNA	TPE
ref	368053	G	A	DNA	TEN
ref	368053	G	A	DNA	TPE
ref	369444	C	T	DNA	TPE.2.4
ref	370089	G	A	DNA	TPA.2
ref	370720	T	A	DNA	TEN
ref	370720	T	A	DNA	TPA
ref	370720	T	A	DNA	TPE
ref	370727	A	G	DNA	TEN
ref	370727	A	G	DNA	TPA
ref	370727	A	G	DNA	TPE
ref	372508	A	G	DNA	TEN
ref	372508	A	G	DNA	TPE
ref	372511	G	A	DNA	TEN
ref	372511	G	A	DNA	TPE
ref	372524	A	G	DNA	TEN
ref	372524	A	G	DNA	TPE
ref	372527	G	C	DNA	TPE.1.3
ref	372587	C	T	DNA	TPA.2.7
ref	372588	A	G	DNA	TPA.1
ref	372588	A	G	DNA	TPA.2
ref	372588	A	G	DNA	TPE.1
ref	372938	G	A	DNA	TPA.2
ref	372939	T	C	DNA	TPE.2.3
ref	372965	A	G	DNA	TPA.2.2
ref	373005	A	G	DNA	TPE.2.2
ref	373005	A	G	DNA	TPE.2.5
ref	373016	T	C	DNA	TPE.1.3
ref	373016	T	C	DNA	TPE.2.1
ref	373026	A	G	DNA	TEN
ref	373026	A	G	DNA	TPE
ref	373035	A	G	DNA	TPE.2.3
ref	373043	T	C	DNA	TPE.1.3
ref	373061	A	G	DNA	TEN
ref	373061	A	G	DNA	TPE
ref	373124	C	G	DNA	TPE
ref	373355	G	A	DNA	TEN
ref	373355	G	A	DNA	TEN.1
ref	373355	G	A	DNA	TEN.1.1
ref	373991	C	T	DNA	TEN
ref	373991	C	T	DNA	TEN.1
ref	373991	C	T	DNA	TEN.1.1
ref	374482	A	G	DNA	TPE.1
ref	374482	A	G	DNA	TPE.1.1
ref	374482	A	G	DNA	TPE.1.3
ref	374485	C	T	DNA	TPE.2.2
ref	374541	G	A	DNA	TPA.2.7
ref	375647	A	G	DNA	TEN
ref	375647	A	G	DNA	TPE
ref	375730	C	A	DNA	TPE.1.2
ref	376622	C	T	DNA	TEN
ref	376622	C	T	DNA	TPE
ref	376786	G	T	DNA	TEN
ref	376786	G	T	DNA	TEN.1
ref	376786	G	T	DNA	TEN.1.1
ref	377942	T	C	DNA	TEN
ref	377942	T	C	DNA	TPE
ref	379032	C	A	DNA	TEN
ref	379032	C	A	DNA	TPA
ref	379032	C	A	DNA	TPE
ref	379847	G	A	DNA	TPE.2.2
ref	379847	G	A	DNA	TPE.2.4
ref	380254	A	C	DNA	TEN
ref	380254	A	C	DNA	TEN.1
ref	380254	A	C	DNA	TEN.1.1
ref	380261	A	G	DNA	TEN
ref	380261	A	G	DNA	TPE
ref	384035	G	A	DNA	TEN
ref	384035	G	A	DNA	TPE
ref	388276	A	G	DNA	TEN
ref	388276	A	G	DNA	TEN.1
ref	388276	A	G	DNA	TEN.1.1
ref	388501	C	T	DNA	TPE.2.3
ref	388792	T	C	DNA	TEN
ref	388792	T	C	DNA	TPE
ref	388834	T	C	DNA	TEN
ref	388834	T	C	DNA	TEN.1
ref	388834	T	C	DNA	TEN.1.1
ref	390163	G	A	DNA	TPA.2.9
ref	390468	A	G	DNA	TPE.1.3
ref	390521	C	G	DNA	TEN
ref	390521	C	G	DNA	TPE
ref	390616	T	G	DNA	TEN
ref	390616	T	G	DNA	TPE
ref	392656	G	A	DNA	TEN
ref	392656	G	A	DNA	TPE
ref	392768	A	G	DNA	TEN
ref	392768	A	G	DNA	TPE
ref	393127	G	A	DNA	TEN
ref	393127	G	A	DNA	TEN.1
ref	393127	G	A	DNA	TEN.1.1
ref	393312	C	T	DNA	TEN
ref	393312	C	T	DNA	TEN.1
ref	393312	C	T	DNA	TEN.1.1
ref	394127	G	T	DNA	TPE.2.4
ref	394323	C	T	DNA	TEN
ref	394323	C	T	DNA	TPE
ref	394764	G	A	DNA	TEN
ref	394764	G	A	DNA	TPE
ref	395125	G	A	DNA	TEN
ref	395125	G	A	DNA	TPE
ref	395148	C	T	DNA	TPE.1.3
ref	395363	C	A	DNA	TPE
ref	395981	G	A	DNA	TEN
ref	395981	G	A	DNA	TPE
ref	396446	T	C	DNA	TEN
ref	396446	T	C	DNA	TPE
ref	396651	G	A	DNA	TEN
ref	396651	G	A	DNA	TPE
ref	399316	C	A	DNA	TEN
ref	399316	C	A	DNA	TPE
ref	401009	G	A	DNA	TPE.1.3
ref	402481	T	C	DNA	TEN
ref	402481	T	C	DNA	TPE
ref	402799	A	G	DNA	TEN
ref	402799	A	G	DNA	TPE
ref	403632	C	T	DNA	TEN
ref	403632	C	T	DNA	TPE
ref	405428	T	C	DNA	TEN
ref	405428	T	C	DNA	TPE
ref	406195	C	T	DNA	TEN
ref	406195	C	T	DNA	TPE
ref	407097	C	A	DNA	TPA.2.3
ref	407707	C	T	DNA	TPE.2.4
ref	408729	C	A	DNA	TPA.2.9
ref	408787	A	G	DNA	TEN.1
ref	408787	A	G	DNA	TPA.1
ref	408787	A	G	DNA	TPA.2
ref	408787	A	G	DNA	TPE.1
ref	408787	A	G	DNA	TPE.2
ref	408787	A	G	DNA	TPE.3
ref	408956	G	A	DNA	TPA.2.7
ref	409373	A	G	DNA	TEN
ref	409373	A	G	DNA	TPE
ref	409957	G	A	DNA	TEN
ref	409957	G	A	DNA	TPE
ref	410955	G	A	DNA	TEN
ref	410955	G	A	DNA	TEN.1
ref	410955	G	A	DNA	TEN.1.1
ref	411307	A	G	DNA	TEN
ref	411307	A	G	DNA	TEN.1
ref	411307	A	G	DNA	TEN.1.1
ref	411898	A	G	DNA	TPE.1.2
ref	412026	T	C	DNA	TEN
ref	412026	T	C	DNA	TPE
ref	412473	C	T	DNA	TEN
ref	412473	C	T	DNA	TPE
ref	412592	A	G	DNA	TPA.2.7
ref	413216	C	T	DNA	TPE.1.3
ref	413295	G	A	DNA	TEN.1
ref	413295	G	A	DNA	TPA.2
ref	414865	A	G	DNA	TPA.2.5
ref	415726	G	A	DNA	TPA.2.1
ref	415778	T	C	DNA	TPA.2.6
ref	415904	C	T	DNA	TPE.2.2
ref	415904	C	T	DNA	TPE.2.5
ref	416238	G	A	DNA	TEN
ref	416238	G	A	DNA	TEN.1
ref	416238	G	A	DNA	TEN.1.1
ref	416943	A	G	DNA	TEN
ref	416943	A	G	DNA	TPE
ref	419956	G	A	DNA	TPE.1.2
ref	420067	A	C	DNA	TPA.2.1
ref	420521	G	T	DNA	TEN
ref	420521	G	T	DNA	TPE
ref	420715	C	T	DNA	TEN
ref	420715	C	T	DNA	TPE
ref	421108	A	C	DNA	TPE.1.2
ref	421797	C	T	DNA	TPA.2
ref	421873	A	G	DNA	TEN
ref	421873	A	G	DNA	TPE
ref	421975	A	G	DNA	TEN
ref	421975	A	G	DNA	TPE
ref	422177	A	G	DNA	TEN
ref	422177	A	G	DNA	TPE
ref	422281	G	A	DNA	TEN
ref	422281	G	A	DNA	TPE
ref	423027	A	G	DNA	TEN
ref	423027	A	G	DNA	TPE
ref	423634	A	G	DNA	TPE.2.4
ref	424105	C	T	DNA	TEN
ref	424105	C	T	DNA	TEN.1
ref	424105	C	T	DNA	TEN.1.1
ref	424105	C	T	DNA	TPA
ref	424105	C	T	DNA	TPA.2
ref	424105	C	T	DNA	TPA.2.1
ref	424867	T	C	DNA	TEN
ref	424867	T	C	DNA	TEN.1
ref	424867	T	C	DNA	TEN.1.1
ref	427112	C	T	DNA	TEN
ref	427112	C	T	DNA	TPE
ref	427741	G	C	DNA	TEN
ref	427741	G	C	DNA	TEN.1
ref	427741	G	C	DNA	TEN.1.1
ref	428628	T	C	DNA	TEN.1
ref	428628	T	C	DNA	TPA.2
ref	428628	T	C	DNA	TPE.1
ref	428628	T	C	DNA	TPE.2
ref	428628	T	C	DNA	TPE.3
ref	429626	G	A	DNA	TPA.1.6
ref	430019	C	T	DNA	TPA.1.8
ref	433200	A	G	DNA	TEN
ref	433200	A	G	DNA	TPE
ref	433672	C	A	DNA	TEN
ref	433672	C	A	DNA	TPE
ref	434072	C	A	DNA	TPA.1.8
ref	434094	C	G	DNA	TPA.1.8
ref	435499	G	A	DNA	TEN
ref	435499	G	A	DNA	TPE
ref	435886	G	A	DNA	TPA.2.5
ref	437205	T	G	DNA	TEN
ref	437205	T	G	DNA	TPE
ref	438429	T	C	DNA	TPE.2.2
ref	438429	T	C	DNA	TPE.2.4
ref	438429	T	C	DNA	TPE.2.5
ref	438455	A	G	DNA	TEN
ref	438455	A	G	DNA	TPE
ref	439628	G	A	DNA	TPE
ref	441390	C	T	DNA	TPA.2.7
ref	442689	A	G	DNA	TPA.1.6
ref	444150	A	C	DNA	TEN
ref	444150	A	C	DNA	TPA
ref	444150	A	C	DNA	TPE
ref	446920	T	C	DNA	TEN
ref	446920	T	C	DNA	TPE
ref	448087	G	C	DNA	TPE
ref	448928	A	G	DNA	TEN
ref	448928	A	G	DNA	TEN.1
ref	448928	A	G	DNA	TEN.1.1
ref	449356	G	C	DNA	TPE.1.3
ref	449551	T	G	DNA	TEN
ref	449551	T	G	DNA	TPA
ref	449551	T	G	DNA	TPE
ref	451823	T	C	DNA	TPE.2.3
ref	451833	A	G	DNA	TEN
ref	451833	A	G	DNA	TEN.1
ref	451833	A	G	DNA	TEN.1.1
ref	451872	C	T	DNA	TEN
ref	451872	C	T	DNA	TPE
ref	451886	G	A	DNA	TEN
ref	451886	G	A	DNA	TPE
ref	451988	T	C	DNA	TEN
ref	451988	T	C	DNA	TPE
ref	452005	C	T	DNA	TEN
ref	452005	C	T	DNA	TPE
ref	452127	G	A	DNA	TPE.2.3
ref	452967	A	G	DNA	TPE.1.2
ref	455624	G	A	DNA	TEN
ref	455624	G	A	DNA	TPE
ref	457262	T	C	DNA	TEN
ref	457262	T	C	DNA	TPE
ref	458164	G	A	DNA	TEN
ref	458164	G	A	DNA	TPE
ref	458471	C	T	DNA	TEN
ref	458471	C	T	DNA	TPE
ref	458478	T	C	DNA	TEN
ref	458478	T	C	DNA	TPE
ref	458979	T	C	DNA	TEN
ref	458979	T	C	DNA	TPE
ref	459744	T	C	DNA	TEN
ref	459744	T	C	DNA	TEN.1
ref	459744	T	C	DNA	TEN.1.1
ref	460483	G	A	DNA	TEN.1
ref	460483	G	A	DNA	TPA.1
ref	460483	G	A	DNA	TPA.2
ref	460483	G	A	DNA	TPE.1
ref	460483	G	A	DNA	TPE.2
ref	460483	G	A	DNA	TPE.3
ref	461627	A	G	DNA	TEN
ref	461627	A	G	DNA	TPE
ref	463180	T	G	DNA	TPA.2.7
ref	463455	T	C	DNA	TEN
ref	463455	T	C	DNA	TEN.1
ref	463455	T	C	DNA	TEN.1.1
ref	463458	C	T	DNA	TEN.1
ref	463458	C	T	DNA	TPA.2
ref	463458	C	T	DNA	TPE.1
ref	463458	C	T	DNA	TPE.2
ref	463458	C	T	DNA	TPE.3
ref	463482	G	A	DNA	TEN
ref	463482	G	A	DNA	TEN.1
ref	463482	G	A	DNA	TEN.1.1
ref	463736	A	G	DNA	TPA.2.3
ref	464144	A	G	DNA	TPE.2.3
ref	464149	A	G	DNA	TEN
ref	464149	A	G	DNA	TEN.1
ref	464149	A	G	DNA	TEN.1.1
ref	466082	C	T	DNA	TPE.1
ref	466082	C	T	DNA	TPE.1.1
ref	466082	C	T	DNA	TPE.1.3
ref	466082	C	T	DNA	TPE.2
ref	466082	C	T	DNA	TPE.2.3
ref	466920	G	C	DNA	TEN
ref	466920	G	C	DNA	TPE
ref	467260	C	T	DNA	TPE.2.3
ref	468315	G	A	DNA	TPA.2.7
ref	468725	A	G	DNA	TPE
ref	468971	G	T	DNA	TPE.1
ref	468971	G	T	DNA	TPE.1.1
ref	468971	G	T	DNA	TPE.1.3
ref	470932	C	T	DNA	TPE.3
ref	470932	C	T	DNA	TPE.3.1
ref	472980	C	T	DNA	TEN
ref	472980	C	T	DNA	TPE
ref	473553	A	G	DNA	TEN
ref	473553	A	G	DNA	TPE
ref	474374	G	A	DNA	TEN
ref	474374	G	A	DNA	TPE
ref	474935	A	G	DNA	TEN
ref	474935	A	G	DNA	TPE
ref	475861	C	T	DNA	TEN
ref	475861	C	T	DNA	TPE
ref	477667	A	G	DNA	TEN.1
ref	477667	A	G	DNA	TPA.1
ref	477667	A	G	DNA	TPA.2
ref	477667	A	G	DNA	TPE.1
ref	477667	A	G	DNA	TPE.2
ref	477667	A	G	DNA	TPE.3
ref	478374	T	C	DNA	TPA.2.6
ref	478870	T	C	DNA	TPE.2.3
ref	479374	A	G	DNA	TEN
ref	479374	A	G	DNA	TPE
ref	480206	T	C	DNA	TEN
ref	480206	T	C	DNA	TPE
ref	480384	G	C	DNA	TEN
ref	480384	G	C	DNA	TPE
ref	482011	G	A	DNA	TPE
ref	484159	C	G	DNA	TPE.1.3
ref	488459	C	T	DNA	TPE
ref	489235	G	A	DNA	TPE.2.2
ref	489235	G	A	DNA	TPE.2.4
ref	489235	G	A	DNA	TPE.2.5
ref	489376	C	T	DNA	TEN
ref	489376	C	T	DNA	TPE
ref	490089	G	A	DNA	TEN
ref	490089	G	A	DNA	TPE
ref	492161	G	A	DNA	TPE.2.2
ref	492161	G	A	DNA	TPE.2.4
ref	492161	G	A	DNA	TPE.2.5
ref	492493	C	A	DNA	TPE.3
ref	492493	C	A	DNA	TPE.3.1
ref	493911	G	A	DNA	TEN
ref	493911	G	A	DNA	TPE
ref	493921	G	A	DNA	TEN
ref	493921	G	A	DNA	TPE
ref	494083	T	C	DNA	TEN
ref	494083	T	C	DNA	TPE
ref	494158	C	T	DNA	TEN
ref	494158	C	T	DNA	TPE
ref	494436	T	C	DNA	TEN
ref	494436	T	C	DNA	TPE
ref	497867	G	A	DNA	TEN
ref	497867	G	A	DNA	TPE
ref	498847	T	C	DNA	TPE.1.3
ref	499635	A	G	DNA	TEN
ref	499635	A	G	DNA	TEN.1
ref	499635	A	G	DNA	TEN.1.1
ref	500035	C	A	DNA	TPA.2
ref	500035	C	A	DNA	TPE.1
ref	500035	C	A	DNA	TPE.2
ref	500035	C	A	DNA	TPE.3
ref	500305	C	T	DNA	TEN
ref	500305	C	T	DNA	TPE
ref	500899	C	T	DNA	TPA.2.7
ref	502287	A	G	DNA	TEN
ref	502287	A	G	DNA	TPE
ref	502445	C	T	DNA	TEN
ref	502445	C	T	DNA	TEN.1
ref	502445	C	T	DNA	TEN.1.1
ref	503285	C	T	DNA	TPA.2
ref	503350	A	G	DNA	TEN
ref	503350	A	G	DNA	TEN.1
ref	503350	A	G	DNA	TEN.1.1
ref	504168	T	G	DNA	TEN
ref	504168	T	G	DNA	TPE
ref	505920	A	G	DNA	TEN
ref	505920	A	G	DNA	TEN.1
ref	505920	A	G	DNA	TEN.1.1
ref	506190	T	C	DNA	TEN
ref	506190	T	C	DNA	TPA
ref	506190	T	C	DNA	TPE
ref	506296	C	G	DNA	TPA.2.3
ref	507467	G	A	DNA	TEN
ref	507467	G	A	DNA	TPE
ref	508113	G	A	DNA	TEN
ref	508113	G	A	DNA	TPE
ref	508302	T	C	DNA	TEN
ref	508302	T	C	DNA	TPE
ref	509697	C	T	DNA	TEN
ref	509697	C	T	DNA	TPE
ref	510269	T	C	DNA	TPE.2.3
ref	510509	C	T	DNA	TPA.2.6
ref	510756	C	T	DNA	TEN
ref	510756	C	T	DNA	TEN.1
ref	510756	C	T	DNA	TEN.1.1
ref	510787	G	A	DNA	TPE.1
ref	510787	G	A	DNA	TPE.1.1
ref	510787	G	A	DNA	TPE.1.3
ref	510974	T	C	DNA	TPE.2.3
ref	511530	C	T	DNA	TPA.2.6
ref	512214	A	G	DNA	TPA.2.5
ref	513188	C	T	DNA	TPE
ref	513430	A	G	DNA	TPE.2
ref	513430	A	G	DNA	TPE.2.1
ref	513868	G	A	DNA	TEN
ref	513868	G	A	DNA	TEN.1
ref	513868	G	A	DNA	TEN.1.1
ref	513938	C	T	DNA	TEN
ref	513938	C	T	DNA	TEN.1
ref	513938	C	T	DNA	TEN.1.1
ref	513951	T	G	DNA	TEN
ref	513951	T	G	DNA	TEN.1
ref	513951	T	G	DNA	TEN.1.1
ref	513959	T	C	DNA	TEN
ref	513959	T	C	DNA	TEN.1
ref	513959	T	C	DNA	TEN.1.1
ref	515479	C	T	DNA	TEN
ref	515479	C	T	DNA	TEN.1
ref	515479	C	T	DNA	TEN.1.1
ref	516153	T	C	DNA	TEN
ref	516153	T	C	DNA	TPA
ref	516153	T	C	DNA	TPE
ref	516237	G	A	DNA	TPA.2.6
ref	517620	T	C	DNA	TPA.2
ref	519777	C	T	DNA	TEN
ref	519777	C	T	DNA	TPE
ref	520776	G	A	DNA	TEN
ref	520776	G	A	DNA	TEN.1
ref	520776	G	A	DNA	TEN.1.1
ref	520863	C	T	DNA	TPE.3
ref	520863	C	T	DNA	TPE.3.1
ref	520955	A	C	DNA	TEN.1
ref	520955	A	C	DNA	TPA.2
ref	520955	A	C	DNA	TPE.1
ref	520955	A	C	DNA	TPE.2
ref	520955	A	C	DNA	TPE.3
ref	521015	A	G	DNA	TPA.2
ref	521015	A	G	DNA	TPE.1
ref	521015	A	G	DNA	TPE.2
ref	521015	A	G	DNA	TPE.3
ref	521619	T	C	DNA	TEN.1
ref	521619	T	C	DNA	TPA.1
ref	521619	T	C	DNA	TPA.2
ref	521619	T	C	DNA	TPE.1
ref	521619	T	C	DNA	TPE.2
ref	521619	T	C	DNA	TPE.3
ref	522240	A	G	DNA	TEN
ref	522240	A	G	DNA	TPE
ref	522308	A	G	DNA	TEN
ref	522308	A	G	DNA	TPE
ref	525232	C	T	DNA	TPE
ref	525409	C	G	DNA	TPE.2.2
ref	525409	C	G	DNA	TPE.2.5
ref	525637	T	A	DNA	TPE.2.3
ref	525662	A	G	DNA	TPE.2.3
ref	526769	G	A	DNA	TEN
ref	526769	G	A	DNA	TEN.1
ref	526769	G	A	DNA	TEN.1.1
ref	528679	G	A	DNA	TEN.1
ref	528679	G	A	DNA	TPA.1
ref	528679	G	A	DNA	TPA.2
ref	528679	G	A	DNA	TPE.1
ref	528679	G	A	DNA	TPE.2
ref	528679	G	A	DNA	TPE.3
ref	528948	C	T	DNA	TPE
ref	529673	C	A	DNA	TPA.2.7
ref	530004	T	C	DNA	TPA.2.5
ref	530589	G	A	DNA	TPE.2.3
ref	530595	A	C	DNA	TPE.2.3
ref	530597	A	G	DNA	TPE.2.3
ref	530598	T	G	DNA	TPE.2.3
ref	530607	A	T	DNA	TPE.2.3
ref	531864	C	T	DNA	TEN
ref	531864	C	T	DNA	TPE
ref	532497	G	T	DNA	TEN
ref	532497	G	T	DNA	TPE
ref	532750	A	G	DNA	TPE.2.2
ref	532750	A	G	DNA	TPE.2.4
ref	532844	G	A	DNA	TEN
ref	532844	G	A	DNA	TPE
ref	533038	C	A	DNA	TPA.2.7
ref	533045	G	C	DNA	TEN
ref	533045	G	C	DNA	TPE
ref	533099	C	T	DNA	TPE.3
ref	533099	C	T	DNA	TPE.3.1
ref	533733	G	A	DNA	TEN
ref	533733	G	A	DNA	TEN.1
ref	533733	G	A	DNA	TEN.1.1
ref	534188	C	A	DNA	TEN
ref	534188	C	A	DNA	TPE
ref	536132	G	C	DNA	TEN
ref	536132	G	C	DNA	TPE
ref	537436	T	C	DNA	TEN.1
ref	537436	T	C	DNA	TPA.1
ref	537436	T	C	DNA	TPA.2
ref	537436	T	C	DNA	TPE.1
ref	537436	T	C	DNA	TPE.2
ref	537436	T	C	DNA	TPE.3
ref	537551	G	A	DNA	TPE.1.2
ref	537630	G	A	DNA	TPE.3
ref	537630	G	A	DNA	TPE.3.1
ref	537711	T	G	DNA	TEN.1
ref	537711	T	G	DNA	TPA.1
ref	537711	T	G	DNA	TPA.2
ref	537711	T	G	DNA	TPE.1
ref	537711	T	G	DNA	TPE.2
ref	537711	T	G	DNA	TPE.3
ref	538381	G	T	DNA	TPA.2.1
ref	538730	G	A	DNA	TEN
ref	538730	G	A	DNA	TEN.1
ref	538730	G	A	DNA	TEN.1.1
ref	539648	A	G	DNA	TEN
ref	539648	A	G	DNA	TPA
ref	539648	A	G	DNA	TPE
ref	540663	G	T	DNA	TEN
ref	540663	G	T	DNA	TPE
ref	541997	T	G	DNA	TPE.2.2
ref	541997	T	G	DNA	TPE.2.4
ref	541997	T	G	DNA	TPE.2.5
ref	542852	C	A	DNA	TPE.1.3
ref	543122	G	T	DNA	TEN
ref	543122	G	T	DNA	TPE
ref	543578	A	G	DNA	TEN
ref	543578	A	G	DNA	TPE
ref	543701	A	T	DNA	TEN
ref	543701	A	T	DNA	TPE
ref	544292	A	G	DNA	TEN.1
ref	544292	A	G	DNA	TPA.1
ref	544292	A	G	DNA	TPA.2
ref	544292	A	G	DNA	TPE.1
ref	544292	A	G	DNA	TPE.2
ref	544292	A	G	DNA	TPE.3
ref	544815	G	A	DNA	TEN
ref	544815	G	A	DNA	TPE
ref	547255	T	C	DNA	TPA.1.6
ref	547498	C	T	DNA	TEN
ref	547498	C	T	DNA	TEN.1
ref	547498	C	T	DNA	TEN.1.1
ref	547981	C	A	DNA	TEN
ref	547981	C	A	DNA	TPE
ref	548282	T	C	DNA	TEN
ref	548282	T	C	DNA	TPE
ref	550196	C	T	DNA	TEN.1
ref	550196	C	T	DNA	TPA.2
ref	550196	C	T	DNA	TPE.1
ref	550196	C	T	DNA	TPE.2
ref	550196	C	T	DNA	TPE.3
ref	550317	A	G	DNA	TPE
ref	551046	A	G	DNA	TEN
ref	551046	A	G	DNA	TPE
ref	553589	T	C	DNA	TEN
ref	553589	T	C	DNA	TPE
ref	560698	C	T	DNA	TPE.1
ref	560698	C	T	DNA	TPE.1.1
ref	563421	G	T	DNA	TPE
ref	564409	G	A	DNA	TEN.1
ref	564409	G	A	DNA	TPA.1
ref	564409	G	A	DNA	TPA.2
ref	564409	G	A	DNA	TPE.1
ref	564409	G	A	DNA	TPE.2
ref	564409	G	A	DNA	TPE.3
ref	565363	A	G	DNA	TEN
ref	565363	A	G	DNA	TPE
ref	565456	T	C	DNA	TEN
ref	565456	T	C	DNA	TPE
ref	565516	G	T	DNA	TPA.2.6
ref	566032	T	C	DNA	TPE.2
ref	566032	T	C	DNA	TPE.2.1
ref	567280	C	G	DNA	TPE.2
ref	567280	C	G	DNA	TPE.2.1
ref	567631	T	C	DNA	TEN
ref	567631	T	C	DNA	TEN.1
ref	567631	T	C	DNA	TEN.1.1
ref	568255	C	T	DNA	TEN
ref	568255	C	T	DNA	TPE
ref	568618	C	T	DNA	TEN
ref	568618	C	T	DNA	TPE
ref	568745	G	T	DNA	TEN.1.1
ref	568745	G	T	DNA	TPE.2.3
ref	568746	C	T	DNA	TPE.2.2
ref	568746	C	T	DNA	TPE.2.4
ref	568746	C	T	DNA	TPE.2.5
ref	571865	G	A	DNA	TPE.2.3
ref	572185	T	C	DNA	TPA.2.7
ref	572323	G	A	DNA	TEN
ref	572323	G	A	DNA	TEN.1
ref	572323	G	A	DNA	TEN.1.1
ref	573000	C	T	DNA	TPA.2.3
ref	573277	C	T	DNA	TPA.1.3
ref	573277	C	T	DNA	TPA.2.2
ref	574429	G	A	DNA	TPA.2.5
ref	574547	C	T	DNA	TPA.2.2
ref	574553	C	A	DNA	TPA.2.7
ref	574730	A	G	DNA	TEN
ref	574730	A	G	DNA	TEN.1
ref	574730	A	G	DNA	TEN.1.1
ref	574821	T	G	DNA	TPE.2.3
ref	575104	C	T	DNA	TPE.2
ref	575104	C	T	DNA	TPE.2.1
ref	575279	C	T	DNA	TPE.2.2
ref	575279	C	T	DNA	TPE.2.4
ref	575811	C	T	DNA	TEN
ref	575811	C	T	DNA	TEN.1
ref	575811	C	T	DNA	TEN.1.1
ref	576508	G	A	DNA	TEN
ref	576508	G	A	DNA	TPE
ref	576607	A	G	DNA	TEN
ref	576607	A	G	DNA	TPE
ref	576792	C	T	DNA	TEN.1
ref	576792	C	T	DNA	TPA.1
ref	576792	C	T	DNA	TPA.2
ref	576792	C	T	DNA	TPE.1
ref	576792	C	T	DNA	TPE.2
ref	576792	C	T	DNA	TPE.3
ref	576974	A	G	DNA	TPA.2.5
ref	577123	G	A	DNA	TPA.2.7
ref	577794	G	C	DNA	TEN
ref	577794	G	C	DNA	TEN.1
ref	577794	G	C	DNA	TEN.1.1
ref	578071	G	A	DNA	TPA.1.6
ref	578767	C	T	DNA	TEN
ref	578767	C	T	DNA	TPE
ref	579656	T	C	DNA	TPA.2.1
ref	581316	C	T	DNA	TPA.2.9
ref	581537	G	A	DNA	TEN
ref	581537	G	A	DNA	TPE
ref	581612	G	A	DNA	TPE.3
ref	581612	G	A	DNA	TPE.3.1
ref	582984	A	G	DNA	TEN
ref	582984	A	G	DNA	TPE
ref	583036	G	A	DNA	TEN
ref	583036	G	A	DNA	TEN.1
ref	583036	G	A	DNA	TEN.1.1
ref	583068	C	T	DNA	TPE.1
ref	583068	C	T	DNA	TPE.1.1
ref	583068	C	T	DNA	TPE.2
ref	583068	C	T	DNA	TPE.2.3
ref	583731	C	T	DNA	TPA.1.8
ref	583731	C	T	DNA	TPA.2.2
ref	584065	C	T	DNA	TEN
ref	584065	C	T	DNA	TPE
ref	584406	T	C	DNA	TEN
ref	584406	T	C	DNA	TPE
ref	584708	C	T	DNA	TEN
ref	584708	C	T	DNA	TPE
ref	586092	C	A	DNA	TPA.2.7
ref	587808	C	T	DNA	TEN
ref	587808	C	T	DNA	TPE
ref	588660	C	T	DNA	TEN
ref	588660	C	T	DNA	TEN.1
ref	588660	C	T	DNA	TEN.1.1
ref	589975	C	T	DNA	TEN
ref	589975	C	T	DNA	TPE
ref	591681	C	A	DNA	TPE.1
ref	591681	C	A	DNA	TPE.1.1
ref	591980	T	C	DNA	TPE
ref	591992	G	A	DNA	TEN
ref	591992	G	A	DNA	TEN.1
ref	591992	G	A	DNA	TEN.1.1
ref	592161	C	T	DNA	TPA.2.5
ref	592304	C	T	DNA	TPE.1
ref	592304	C	T	DNA	TPE.1.1
ref	592304	C	T	DNA	TPE.1.2
ref	592304	C	T	DNA	TPE.1.3
ref	592304	C	T	DNA	TPE.2
ref	592304	C	T	DNA	TPE.2.3
ref	592485	C	T	DNA	TEN.1
ref	592485	C	T	DNA	TPA.2
ref	593024	C	A	DNA	TEN.1
ref	593024	C	A	DNA	TPA.2
ref	594749	G	A	DNA	TPE.2.2
ref	594782	C	T	DNA	TEN
ref	594782	C	T	DNA	TEN.1
ref	594782	C	T	DNA	TEN.1.1
ref	594813	G	T	DNA	TPA.2.1
ref	594813	G	T	DNA	TPA.2.2
ref	595019	C	T	DNA	TEN
ref	595019	C	T	DNA	TEN.1
ref	595019	C	T	DNA	TEN.1.1
ref	595037	T	C	DNA	TEN
ref	595037	T	C	DNA	TEN.1
ref	595037	T	C	DNA	TEN.1.1
ref	595390	A	C	DNA	TPA.2.7
ref	596306	G	A	DNA	TEN
ref	596306	G	A	DNA	TEN.1
ref	596306	G	A	DNA	TEN.1.1
ref	597488	A	G	DNA	TEN
ref	597488	A	G	DNA	TPE
ref	598398	G	T	DNA	TPA.2.6
ref	599832	C	T	DNA	TPE.2
ref	599832	C	T	DNA	TPE.2.1
ref	601568	C	T	DNA	TPE.2.3
ref	602099	T	C	DNA	TEN.1
ref	602099	T	C	DNA	TPA.2
ref	602099	T	C	DNA	TPE.1
ref	602099	T	C	DNA	TPE.2
ref	602099	T	C	DNA	TPE.3
ref	602966	C	T	DNA	TPA.1.6
ref	604480	A	G	DNA	TEN
ref	604480	A	G	DNA	TPE
ref	604751	C	T	DNA	TEN
ref	604751	C	T	DNA	TPE
ref	604792	A	G	DNA	TEN
ref	604792	A	G	DNA	TPE
ref	604817	G	A	DNA	TEN
ref	604817	G	A	DNA	TPE
ref	606822	G	A	DNA	TPA.2
ref	607052	T	C	DNA	TPA.2
ref	607362	A	G	DNA	TEN
ref	607362	A	G	DNA	TPE
ref	607592	A	G	DNA	TEN
ref	607592	A	G	DNA	TPE
ref	608320	T	C	DNA	TPA.2
ref	609069	G	A	DNA	TEN
ref	609069	G	A	DNA	TPE
ref	611092	A	G	DNA	TEN
ref	611092	A	G	DNA	TEN.1
ref	611092	A	G	DNA	TEN.1.1
ref	612451	G	A	DNA	TPA.2.7
ref	612917	C	T	DNA	TEN
ref	612917	C	T	DNA	TPE
ref	613304	A	G	DNA	TPA.1.1
ref	613304	A	G	DNA	TPA.2.7
ref	613568	T	C	DNA	TPA.2.7
ref	613591	T	G	DNA	TPE.1
ref	613591	T	G	DNA	TPE.1.1
ref	613655	T	C	DNA	TPE.1
ref	613655	T	C	DNA	TPE.1.1
ref	613677	C	G	DNA	TEN
ref	613677	C	G	DNA	TPE
ref	613910	C	T	DNA	TPE.1.2
ref	613911	T	C	DNA	TPE.1.2
ref	614256	T	C	DNA	TPE.3
ref	614256	T	C	DNA	TPE.3.1
ref	614449	C	T	DNA	TEN
ref	614449	C	T	DNA	TPE
ref	616016	G	A	DNA	TPE
ref	616919	G	T	DNA	TEN
ref	616919	G	T	DNA	TEN.1
ref	616919	G	T	DNA	TEN.1.1
ref	617378	C	T	DNA	TPA.2.7
ref	617399	G	A	DNA	TPA.2.7
ref	618219	C	T	DNA	TPA.2.6
ref	618779	G	A	DNA	TEN
ref	618779	G	A	DNA	TPA
ref	618779	G	A	DNA	TPE
ref	619141	T	C	DNA	TPE.1.3
ref	619842	C	T	DNA	TEN.1
ref	619842	C	T	DNA	TPA.1
ref	619842	C	T	DNA	TPA.2
ref	619842	C	T	DNA	TPE.1
ref	619842	C	T	DNA	TPE.2
ref	619842	C	T	DNA	TPE.3
ref	620073	C	T	DNA	TPA.2.7
ref	620261	G	A	DNA	TEN
ref	620261	G	A	DNA	TPE
ref	621351	C	T	DNA	TEN
ref	621351	C	T	DNA	TPE
ref	621547	G	A	DNA	TPE.1
ref	621547	G	A	DNA	TPE.1.1
ref	622074	C	T	DNA	TEN.1
ref	622074	C	T	DNA	TPA.2
ref	622074	C	T	DNA	TPE.1
ref	622074	C	T	DNA	TPE.2
ref	622074	C	T	DNA	TPE.3
ref	622612	T	C	DNA	TPE
ref	623265	T	G	DNA	TEN
ref	623265	T	G	DNA	TPE
ref	623482	C	A	DNA	TPA.2.2
ref	623864	T	G	DNA	TEN.1
ref	623864	T	G	DNA	TPA.2
ref	623864	T	G	DNA	TPE.1
ref	623864	T	G	DNA	TPE.2
ref	623864	T	G	DNA	TPE.3
ref	624318	C	T	DNA	TEN
ref	624318	C	T	DNA	TEN.1
ref	624318	C	T	DNA	TEN.1.1
ref	624727	T	C	DNA	TPA.2.6
ref	624727	T	C	DNA	TPA.2.7
ref	624993	A	G	DNA	TEN
ref	624993	A	G	DNA	TPE
ref	625264	C	T	DNA	TEN
ref	625264	C	T	DNA	TEN.1
ref	625264	C	T	DNA	TEN.1.1
ref	627100	C	T	DNA	TPE.1
ref	627100	C	T	DNA	TPE.1.1
ref	630637	G	T	DNA	TEN
ref	630637	G	T	DNA	TEN.1
ref	630637	G	T	DNA	TEN.1.1
ref	631654	T	C	DNA	TEN
ref	631654	T	C	DNA	TPE
ref	631860	G	A	DNA	TEN
ref	631860	G	A	DNA	TEN.1
ref	631860	G	A	DNA	TEN.1.1
ref	633453	A	G	DNA	TEN
ref	633453	A	G	DNA	TEN.1
ref	633453	A	G	DNA	TEN.1.1
ref	634221	G	C	DNA	TPE
ref	635264	C	A	DNA	TPE.1.3
ref	635277	G	A	DNA	TEN
ref	635277	G	A	DNA	TPE
ref	636551	A	G	DNA	TEN
ref	636551	A	G	DNA	TPE
ref	636615	A	G	DNA	TPA.1.6
ref	637858	A	G	DNA	TEN
ref	637858	A	G	DNA	TPA
ref	637858	A	G	DNA	TPE
ref	638495	G	A	DNA	TEN
ref	638495	G	A	DNA	TEN.1
ref	638495	G	A	DNA	TEN.1.1
ref	639617	G	A	DNA	TEN
ref	639617	G	A	DNA	TPE
ref	639932	C	T	DNA	TEN
ref	639932	C	T	DNA	TPE
ref	642127	T	C	DNA	TEN
ref	642127	T	C	DNA	TPE
ref	642777	C	T	DNA	TEN.1
ref	642777	C	T	DNA	TPA.2
ref	642777	C	T	DNA	TPE.1
ref	642777	C	T	DNA	TPE.2
ref	642777	C	T	DNA	TPE.3
ref	643867	T	C	DNA	TEN
ref	643867	T	C	DNA	TEN.1
ref	643867	T	C	DNA	TEN.1.1
ref	644239	C	T	DNA	TPE.1.3
ref	645711	G	A	DNA	TPE.1.3
ref	646362	A	G	DNA	TEN
ref	646362	A	G	DNA	TPE
ref	646566	C	T	DNA	TPA.2.7
ref	647981	T	C	DNA	TPA.2.7
ref	648033	G	A	DNA	TPA.2.5
ref	648072	C	T	DNA	TPA.1.6
ref	649238	G	T	DNA	TPA.2.4
ref	650110	T	C	DNA	TEN
ref	650110	T	C	DNA	TEN.1
ref	650110	T	C	DNA	TEN.1.1
ref	650207	G	A	DNA	TPE
ref	651448	C	T	DNA	TPA.1.8
ref	652093	C	T	DNA	TEN.1
ref	652093	C	T	DNA	TPA.2
ref	652093	C	T	DNA	TPE.1
ref	652093	C	T	DNA	TPE.2
ref	652093	C	T	DNA	TPE.3
ref	652248	G	A	DNA	TEN
ref	652248	G	A	DNA	TEN.1
ref	652248	G	A	DNA	TEN.1.1
ref	653452	C	T	DNA	TPE.2.3
ref	653621	G	A	DNA	TPE.1.3
ref	653765	C	T	DNA	TEN
ref	653765	C	T	DNA	TPE
ref	654189	C	T	DNA	TPE
ref	656352	C	T	DNA	TPA.2.7
ref	656399	C	T	DNA	TPE.1.3
ref	656739	T	C	DNA	TEN
ref	656739	T	C	DNA	TPA
ref	656739	T	C	DNA	TPE
ref	656940	C	A	DNA	TPA.1.3
ref	658317	G	A	DNA	TPE.1
ref	658317	G	A	DNA	TPE.1.1
ref	660406	G	A	DNA	TPE.1.3
ref	660481	T	C	DNA	TPE.2.2
ref	660481	T	C	DNA	TPE.2.4
ref	660481	T	C	DNA	TPE.2.5
ref	661140	C	T	DNA	TEN
ref	661140	C	T	DNA	TPA
ref	661140	C	T	DNA	TPE
ref	661146	A	C	DNA	TEN
ref	661146	A	C	DNA	TPA
ref	661146	A	C	DNA	TPE
ref	661182	G	A	DNA	TEN
ref	661182	G	A	DNA	TPA
ref	661182	G	A	DNA	TPE
ref	661249	C	T	DNA	TEN
ref	661249	C	T	DNA	TPA
ref	661249	C	T	DNA	TPE
ref	662221	G	A	DNA	TEN
ref	662221	G	A	DNA	TEN.1
ref	662221	G	A	DNA	TEN.1.1
ref	665804	A	G	DNA	TPA.2.4
ref	665804	A	G	DNA	TPA.2.6
ref	665804	A	G	DNA	TPA.2.7
ref	666899	G	A	DNA	TEN
ref	666899	G	A	DNA	TPE
ref	667223	T	C	DNA	TEN.1
ref	667223	T	C	DNA	TPA.2
ref	667223	T	C	DNA	TPE.1
ref	667223	T	C	DNA	TPE.2
ref	667223	T	C	DNA	TPE.3
ref	668850	C	G	DNA	TEN
ref	668850	C	G	DNA	TPE
ref	669023	T	C	DNA	TPA.2.7
ref	669777	G	A	DNA	TPA.2.6
ref	670105	A	G	DNA	TPA.2.3
ref	670105	A	G	DNA	TPE.2.2
ref	670105	A	G	DNA	TPE.2.4
ref	670105	A	G	DNA	TPE.2.5
ref	676940	T	C	DNA	TPA.2.6
ref	676982	A	G	DNA	TPE.2.3
ref	678356	C	T	DNA	TPA.2.7
ref	678362	G	A	DNA	TPE.1
ref	678362	G	A	DNA	TPE.1.1
ref	678362	G	A	DNA	TPE.1.3
ref	678551	C	T	DNA	TEN
ref	678551	C	T	DNA	TPE
ref	678587	T	C	DNA	TPA.2.2
ref	681446	C	T	DNA	TPE.3
ref	681446	C	T	DNA	TPE.3.1
ref	681959	G	A	DNA	TPE.2.2
ref	681959	G	A	DNA	TPE.2.4
ref	681959	G	A	DNA	TPE.2.5
ref	682274	G	A	DNA	TPE.2.3
ref	683514	A	G	DNA	TPA.2.7
ref	683547	G	T	DNA	TPE.1.2
ref	684655	C	T	DNA	TEN
ref	684655	C	T	DNA	TPE
ref	685014	A	G	DNA	TEN
ref	685014	A	G	DNA	TPE
ref	687341	A	G	DNA	TEN
ref	687341	A	G	DNA	TPE
ref	688387	G	A	DNA	TEN
ref	688387	G	A	DNA	TPE
ref	688388	A	G	DNA	TEN
ref	688388	A	G	DNA	TPE
ref	688422	C	T	DNA	TEN
ref	688422	C	T	DNA	TPE
ref	689021	T	C	DNA	TEN
ref	689021	T	C	DNA	TPE
ref	689855	C	T	DNA	TEN
ref	689855	C	T	DNA	TEN.1
ref	689855	C	T	DNA	TEN.1.1
ref	690307	A	G	DNA	TPA.2.5
ref	691387	C	G	DNA	TPE
ref	693281	A	G	DNA	TEN
ref	693281	A	G	DNA	TPE
ref	693773	G	A	DNA	TEN
ref	693773	G	A	DNA	TEN.1
ref	693773	G	A	DNA	TEN.1.1
ref	694295	C	T	DNA	TEN
ref	694295	C	T	DNA	TPE
ref	698706	G	A	DNA	TEN
ref	698706	G	A	DNA	TPE
ref	698707	T	C	DNA	TEN
ref	698707	T	C	DNA	TPE
ref	699573	G	A	DNA	TPE.2.3
ref	699613	C	T	DNA	TEN
ref	699613	C	T	DNA	TPE
ref	699615	G	A	DNA	TEN
ref	699615	G	A	DNA	TPE
ref	700261	A	C	DNA	TEN
ref	700261	A	C	DNA	TPE
ref	700439	C	T	DNA	TEN
ref	700439	C	T	DNA	TPE
ref	700573	C	A	DNA	TPA.2.7
ref	700938	A	C	DNA	TPE.2.3
ref	701270	C	T	DNA	TEN
ref	701270	C	T	DNA	TEN.1
ref	701270	C	T	DNA	TEN.1.1
ref	702062	C	T	DNA	TEN
ref	702062	C	T	DNA	TEN.1
ref	702062	C	T	DNA	TEN.1.1
ref	702062	C	T	DNA	TPA
ref	702062	C	T	DNA	TPA.2
ref	702062	C	T	DNA	TPA.2.7
ref	704848	C	T	DNA	TEN
ref	704848	C	T	DNA	TPE
ref	705723	C	T	DNA	TEN
ref	705723	C	T	DNA	TPE
ref	706073	A	G	DNA	TEN
ref	706073	A	G	DNA	TEN.1
ref	706073	A	G	DNA	TEN.1.1
ref	706112	T	C	DNA	TEN
ref	706112	T	C	DNA	TEN.1
ref	706112	T	C	DNA	TEN.1.1
ref	708449	A	G	DNA	TEN.1
ref	708449	A	G	DNA	TPA.2
ref	708449	A	G	DNA	TPE.1
ref	708449	A	G	DNA	TPE.2
ref	708449	A	G	DNA	TPE.3
ref	708609	A	C	DNA	TEN
ref	708609	A	C	DNA	TPE
ref	709620	C	T	DNA	TEN
ref	709620	C	T	DNA	TPE
ref	710201	T	C	DNA	TEN
ref	710201	T	C	DNA	TPE
ref	710456	A	G	DNA	TEN
ref	710456	A	G	DNA	TPE
ref	711196	A	G	DNA	TEN
ref	711196	A	G	DNA	TPA
ref	711196	A	G	DNA	TPE
ref	712688	C	T	DNA	TPE.1.3
ref	714638	C	T	DNA	TEN
ref	714638	C	T	DNA	TPE
ref	716771	A	G	DNA	TEN
ref	716771	A	G	DNA	TPE
ref	717253	C	A	DNA	TPE.2.5
ref	717388	A	C	DNA	TEN
ref	717388	A	C	DNA	TPE
ref	718131	A	G	DNA	TPE.2
ref	718131	A	G	DNA	TPE.2.1
ref	718364	G	A	DNA	TEN
ref	718364	G	A	DNA	TPE
ref	719443	T	C	DNA	TEN
ref	719443	T	C	DNA	TPE
ref	719448	A	G	DNA	TEN
ref	719448	A	G	DNA	TEN.1
ref	719448	A	G	DNA	TEN.1.1
ref	720401	A	G	DNA	TPE.2.3
ref	724290	C	T	DNA	TEN
ref	724290	C	T	DNA	TPE
ref	725013	T	C	DNA	TPE.1
ref	725013	T	C	DNA	TPE.1.1
ref	725728	G	A	DNA	TEN
ref	725728	G	A	DNA	TPE
ref	726005	C	A	DNA	TPA.2.7
ref	726839	G	A	DNA	TPE
ref	727496	T	C	DNA	TEN
ref	727496	T	C	DNA	TPE
ref	727803	G	A	DNA	TEN
ref	727803	G	A	DNA	TEN.1
ref	727803	G	A	DNA	TEN.1.1
ref	727860	A	G	DNA	TEN
ref	727860	A	G	DNA	TPE
ref	728512	G	A	DNA	TEN
ref	728512	G	A	DNA	TPE
ref	728972	G	A	DNA	TEN
ref	728972	G	A	DNA	TEN.1
ref	728972	G	A	DNA	TEN.1.1
ref	729103	G	A	DNA	TPA.1.6
ref	729426	T	C	DNA	TEN
ref	729426	T	C	DNA	TPE
ref	729759	C	A	DNA	TPA.2.7
ref	730219	C	T	DNA	TEN
ref	730219	C	T	DNA	TPE
ref	730700	C	A	DNA	TEN
ref	730700	C	A	DNA	TEN.1
ref	730700	C	A	DNA	TEN.1.1
ref	730821	T	C	DNA	TPA.2
ref	731900	A	T	DNA	TPE
ref	731965	C	T	DNA	TPA.2.7
ref	736358	C	G	DNA	TEN
ref	736358	C	G	DNA	TPE
ref	737306	C	T	DNA	TPA.2.1
ref	737604	T	C	DNA	TPA.2.7
ref	737978	A	G	DNA	TPE
ref	738553	C	T	DNA	TPE.2.3
ref	738837	A	G	DNA	TPE.2.3
ref	738988	C	A	DNA	TPE.2.4
ref	739209	A	G	DNA	TEN
ref	739209	A	G	DNA	TEN.1
ref	739209	A	G	DNA	TEN.1.1
ref	739789	G	A	DNA	TEN
ref	739789	G	A	DNA	TEN.1
ref	739789	G	A	DNA	TEN.1.1
ref	741166	C	T	DNA	TPE
ref	741344	G	A	DNA	TEN
ref	741344	G	A	DNA	TEN.1
ref	741344	G	A	DNA	TEN.1.1
ref	741514	G	C	DNA	TPE.2.3
ref	741789	A	G	DNA	TEN
ref	741789	A	G	DNA	TEN.1
ref	741789	A	G	DNA	TEN.1.1
ref	744603	C	T	DNA	TPE.2.2
ref	744603	C	T	DNA	TPE.2.4
ref	744603	C	T	DNA	TPE.2.5
ref	745887	T	G	DNA	TEN
ref	745887	T	G	DNA	TPE
ref	748118	G	A	DNA	TPE.2.5
ref	748671	C	T	DNA	TEN
ref	748671	C	T	DNA	TPE
ref	749613	C	T	DNA	TPE.3
ref	749613	C	T	DNA	TPE.3.1
ref	749637	G	A	DNA	TEN.1
ref	749637	G	A	DNA	TPA.2
ref	749637	G	A	DNA	TPE.1
ref	749637	G	A	DNA	TPE.2
ref	749637	G	A	DNA	TPE.3
ref	750177	T	A	DNA	TPE.1
ref	750177	T	A	DNA	TPE.1.1
ref	750609	T	C	DNA	TPE
ref	751332	G	A	DNA	TPE.1.3
ref	751369	T	C	DNA	TPE
ref	751550	A	G	DNA	TPE
ref	752004	C	A	DNA	TPE
ref	753114	G	A	DNA	TPA.2.3
ref	755659	C	T	DNA	TEN
ref	755659	C	T	DNA	TEN.1
ref	755659	C	T	DNA	TEN.1.1
ref	755691	T	C	DNA	TEN
ref	755691	T	C	DNA	TEN.1
ref	755691	T	C	DNA	TEN.1.1
ref	755708	A	C	DNA	TEN
ref	755708	A	C	DNA	TEN.1
ref	755708	A	C	DNA	TEN.1.1
ref	755882	A	T	DNA	TEN
ref	755882	A	T	DNA	TEN.1
ref	755882	A	T	DNA	TEN.1.1
ref	756575	T	C	DNA	TEN
ref	756575	T	C	DNA	TPE
ref	756731	T	A	DNA	TEN
ref	756731	T	A	DNA	TPE
ref	758271	T	C	DNA	TEN
ref	758271	T	C	DNA	TEN.1
ref	758271	T	C	DNA	TEN.1.1
ref	758618	C	T	DNA	TEN
ref	758618	C	T	DNA	TPE
ref	759708	A	G	DNA	TEN
ref	759708	A	G	DNA	TPE
ref	759873	T	C	DNA	TEN
ref	759873	T	C	DNA	TPE
ref	759911	A	G	DNA	TEN
ref	759911	A	G	DNA	TPE
ref	760064	A	G	DNA	TEN
ref	760064	A	G	DNA	TPE
ref	760071	T	C	DNA	TEN
ref	760071	T	C	DNA	TPE
ref	760076	G	A	DNA	TEN
ref	760076	G	A	DNA	TPE
ref	760082	C	T	DNA	TEN
ref	760082	C	T	DNA	TPE
ref	760330	C	T	DNA	TPE.3
ref	760330	C	T	DNA	TPE.3.1
ref	760338	T	G	DNA	TEN
ref	760338	T	G	DNA	TPE
ref	762040	C	A	DNA	TEN
ref	762040	C	A	DNA	TPE
ref	762111	T	C	DNA	TPA.1.6
ref	762229	C	T	DNA	TEN
ref	762229	C	T	DNA	TPE
ref	762413	C	T	DNA	TPA.2.6
ref	763919	A	G	DNA	TEN
ref	763919	A	G	DNA	TEN.1
ref	763919	A	G	DNA	TEN.1.1
ref	764306	T	C	DNA	TPE
ref	765412	T	C	DNA	TEN
ref	765412	T	C	DNA	TPA
ref	765412	T	C	DNA	TPE
ref	765624	T	C	DNA	TEN
ref	765624	T	C	DNA	TPA
ref	765624	T	C	DNA	TPE
ref	765754	A	G	DNA	TEN
ref	765754	A	G	DNA	TPA
ref	765754	A	G	DNA	TPE
ref	767075	C	T	DNA	TEN
ref	767075	C	T	DNA	TPE
ref	767250	T	C	DNA	TEN
ref	767250	T	C	DNA	TPE
ref	767319	A	G	DNA	TEN
ref	767319	A	G	DNA	TPE
ref	767442	T	C	DNA	TEN
ref	767442	T	C	DNA	TPE
ref	767602	C	T	DNA	TPA.1.6
ref	769897	C	T	DNA	TPE.1.3
ref	775016	G	C	DNA	TEN
ref	775016	G	C	DNA	TPE
ref	776369	C	T	DNA	TEN
ref	776369	C	T	DNA	TPE
ref	777352	A	G	DNA	TEN
ref	777352	A	G	DNA	TEN.1
ref	777352	A	G	DNA	TEN.1.1
ref	777863	G	A	DNA	TEN
ref	777863	G	A	DNA	TPE
ref	778661	T	C	DNA	TPE.2
ref	778661	T	C	DNA	TPE.2.1
ref	780161	A	G	DNA	TPA.1.4
ref	780451	A	G	DNA	TPE.1
ref	780451	A	G	DNA	TPE.1.1
ref	780451	A	G	DNA	TPE.1.3
ref	783059	A	G	DNA	TEN
ref	783059	A	G	DNA	TPE
ref	785586	A	C	DNA	TEN
ref	785586	A	C	DNA	TPE
ref	786221	A	G	DNA	TEN
ref	786221	A	G	DNA	TPE
ref	789537	A	G	DNA	TPE
ref	789898	C	T	DNA	TEN
ref	789898	C	T	DNA	TEN.1
ref	789898	C	T	DNA	TEN.1.1
ref	790865	T	G	DNA	TPA.2.5
ref	792167	A	G	DNA	TPE.2
ref	792167	A	G	DNA	TPE.2.1
ref	792571	T	C	DNA	TEN
ref	792571	T	C	DNA	TPE
ref	793077	T	G	DNA	TEN
ref	793077	T	G	DNA	TPE
ref	793292	G	A	DNA	TPE
ref	794386	C	T	DNA	TPE
ref	795255	G	A	DNA	TPE.1.3
ref	796138	C	T	DNA	TEN
ref	796138	C	T	DNA	TPE
ref	796168	T	C	DNA	TEN
ref	796168	T	C	DNA	TPE
ref	796262	G	A	DNA	TEN
ref	796262	G	A	DNA	TEN.1
ref	796262	G	A	DNA	TEN.1.1
ref	796596	G	A	DNA	TEN
ref	796596	G	A	DNA	TPE
ref	796650	A	G	DNA	TEN
ref	796650	A	G	DNA	TPE
ref	796653	A	G	DNA	TPA.2.5
ref	796951	C	A	DNA	TEN
ref	796951	C	A	DNA	TPA
ref	796951	C	A	DNA	TPE
ref	798322	G	A	DNA	TPE.2
ref	798322	G	A	DNA	TPE.2.1
ref	798636	C	T	DNA	TEN
ref	798636	C	T	DNA	TEN.1
ref	798636	C	T	DNA	TEN.1.1
ref	799277	A	G	DNA	TEN
ref	799277	A	G	DNA	TPE
ref	799813	G	A	DNA	TEN.1
ref	799813	G	A	DNA	TPA.2
ref	799813	G	A	DNA	TPE.1
ref	799813	G	A	DNA	TPE.2
ref	799813	G	A	DNA	TPE.3
ref	8e+05	C	T	DNA	TPA.1.6
ref	800046	T	C	DNA	TEN
ref	800046	T	C	DNA	TEN.1
ref	800046	T	C	DNA	TEN.1.1
ref	800057	G	A	DNA	TEN
ref	800057	G	A	DNA	TEN.1
ref	800057	G	A	DNA	TEN.1.1
ref	800118	T	G	DNA	TEN
ref	800118	T	G	DNA	TPE
ref	800124	C	T	DNA	TEN
ref	800124	C	T	DNA	TPE
ref	800280	C	T	DNA	TEN
ref	800280	C	T	DNA	TPE
ref	800466	C	A	DNA	TPE.1.1
ref	800466	C	A	DNA	TPE.2.3
ref	800523	T	C	DNA	TEN
ref	800523	T	C	DNA	TPE
ref	800538	C	G	DNA	TEN
ref	800538	C	G	DNA	TPE
ref	800541	C	G	DNA	TEN
ref	800541	C	G	DNA	TPE
ref	800664	G	T	DNA	TPE.2.2
ref	800664	G	T	DNA	TPE.2.4
ref	800664	G	T	DNA	TPE.2.5
ref	800742	T	C	DNA	TEN
ref	800742	T	C	DNA	TPE
ref	800799	A	G	DNA	TEN
ref	800799	A	G	DNA	TPE
ref	800826	C	T	DNA	TEN
ref	800826	C	T	DNA	TPE
ref	801468	G	A	DNA	TEN
ref	801468	G	A	DNA	TPE
ref	801596	T	C	DNA	TEN
ref	801596	T	C	DNA	TPE
ref	801948	C	T	DNA	TPE
ref	802097	C	T	DNA	TPA.1.4
ref	802449	C	A	DNA	TEN
ref	802449	C	A	DNA	TPE
ref	803701	G	A	DNA	TPA.2
ref	803701	G	A	DNA	TPE.1
ref	803701	G	A	DNA	TPE.2
ref	803701	G	A	DNA	TPE.3
ref	804342	C	T	DNA	TEN
ref	804342	C	T	DNA	TEN.1
ref	804342	C	T	DNA	TEN.1.1
ref	804606	A	G	DNA	TPA.2.5
ref	805503	C	T	DNA	TEN
ref	805503	C	T	DNA	TPE
ref	805530	T	C	DNA	TPE
ref	805987	T	C	DNA	TEN
ref	805987	T	C	DNA	TEN.1
ref	805987	T	C	DNA	TEN.1.1
ref	806843	G	A	DNA	TPA.1.6
ref	808879	A	G	DNA	TPE.2.3
ref	811045	C	A	DNA	TPA.2.7
ref	811076	C	T	DNA	TPE.2.3
ref	812118	G	A	DNA	TPA.2.5
ref	812475	T	C	DNA	TPE.2.3
ref	812901	G	A	DNA	TEN
ref	812901	G	A	DNA	TEN.1
ref	812901	G	A	DNA	TEN.1.1
ref	813137	C	A	DNA	TPE
ref	813483	G	A	DNA	TPE.2
ref	813483	G	A	DNA	TPE.2.1
ref	815502	C	T	DNA	TEN
ref	815502	C	T	DNA	TPE
ref	815521	C	T	DNA	TEN
ref	815521	C	T	DNA	TPE
ref	815610	C	T	DNA	TPE.1.3
ref	816123	C	T	DNA	TEN
ref	816123	C	T	DNA	TPE
ref	816195	G	A	DNA	TPE.2.3
ref	816198	A	G	DNA	TPE.2.3
ref	816201	C	G	DNA	TPE.2.3
ref	816203	A	T	DNA	TPE.2.3
ref	817004	T	C	DNA	TPE.2.2
ref	817004	T	C	DNA	TPE.2.4
ref	817004	T	C	DNA	TPE.2.5
ref	817082	T	C	DNA	TPE
ref	819028	G	A	DNA	TEN
ref	819028	G	A	DNA	TPE
ref	820560	G	T	DNA	TPE
ref	820611	C	T	DNA	TPE.1.2
ref	821838	G	T	DNA	TPA.2
ref	824628	C	T	DNA	TEN
ref	824628	C	T	DNA	TEN.1
ref	824628	C	T	DNA	TEN.1.1
ref	827709	G	A	DNA	TEN
ref	827709	G	A	DNA	TPA
ref	827709	G	A	DNA	TPE
ref	829342	G	T	DNA	TEN
ref	829342	G	T	DNA	TEN.1
ref	829342	G	T	DNA	TEN.1.1
ref	829342	G	T	DNA	TPA
ref	829342	G	T	DNA	TPA.2
ref	829342	G	T	DNA	TPA.2.7
ref	829446	G	C	DNA	TPE.2.3
ref	829535	C	T	DNA	TPE.2.3
ref	829964	A	G	DNA	TPE
ref	830110	C	T	DNA	TEN
ref	830110	C	T	DNA	TEN.1
ref	830110	C	T	DNA	TEN.1.1
ref	831448	G	A	DNA	TPA.2.7
ref	832079	T	C	DNA	TEN
ref	832079	T	C	DNA	TPE
ref	832299	A	G	DNA	TPE.2.2
ref	832299	A	G	DNA	TPE.2.4
ref	832299	A	G	DNA	TPE.2.5
ref	832588	A	G	DNA	TEN
ref	832588	A	G	DNA	TPE
ref	832703	C	T	DNA	TPE.2.2
ref	832703	C	T	DNA	TPE.2.4
ref	832703	C	T	DNA	TPE.2.5
ref	834473	T	G	DNA	TPE.2.3
ref	835605	C	T	DNA	TPE
ref	835988	G	A	DNA	TPE.1
ref	835988	G	A	DNA	TPE.1.1
ref	837518	A	G	DNA	TEN
ref	837518	A	G	DNA	TPE
ref	837593	G	A	DNA	TPA.2.5
ref	837816	A	G	DNA	TEN
ref	837816	A	G	DNA	TPE
ref	839960	T	C	DNA	TEN
ref	839960	T	C	DNA	TPE
ref	840271	C	T	DNA	TEN
ref	840271	C	T	DNA	TPE
ref	840551	A	G	DNA	TPE
ref	841337	G	A	DNA	TPA.1.6
ref	842991	T	C	DNA	TEN
ref	842991	T	C	DNA	TPE
ref	843009	T	C	DNA	TEN
ref	843009	T	C	DNA	TPE
ref	843164	C	T	DNA	TPE.2.2
ref	843164	C	T	DNA	TPE.2.4
ref	843595	C	A	DNA	TEN
ref	843595	C	A	DNA	TPE
ref	845009	A	G	DNA	TPE
ref	845469	A	G	DNA	TEN
ref	845469	A	G	DNA	TPE
ref	847491	C	T	DNA	TPE
ref	848073	T	C	DNA	TEN
ref	848073	T	C	DNA	TPE
ref	848497	C	T	DNA	TEN
ref	848497	C	T	DNA	TEN.1
ref	848497	C	T	DNA	TEN.1.1
ref	849023	C	T	DNA	TEN
ref	849023	C	T	DNA	TPE
ref	849716	C	A	DNA	TPA.2.6
ref	849850	C	T	DNA	TPE.1.3
ref	849880	G	A	DNA	TPE.1.3
ref	850429	C	T	DNA	TEN
ref	850429	C	T	DNA	TPE
ref	850792	C	T	DNA	TEN
ref	850792	C	T	DNA	TPE
ref	850989	C	A	DNA	TPA.2.6
ref	852158	G	A	DNA	TPE
ref	853068	G	A	DNA	TPA.1.4
ref	854682	T	C	DNA	TEN
ref	854682	T	C	DNA	TPE
ref	855931	T	C	DNA	TPA.2.3
ref	856349	C	T	DNA	TEN
ref	856349	C	T	DNA	TPE
ref	856499	T	C	DNA	TPA.1.6
ref	856855	A	G	DNA	TPE.2.2
ref	856855	A	G	DNA	TPE.2.4
ref	856855	A	G	DNA	TPE.2.5
ref	857507	G	C	DNA	TPE.2.3
ref	858515	C	G	DNA	TPE.1
ref	858515	C	G	DNA	TPE.1.1
ref	858515	C	G	DNA	TPE.1.3
ref	859510	G	A	DNA	TEN
ref	859510	G	A	DNA	TEN.1
ref	859510	G	A	DNA	TEN.1.1
ref	859601	A	C	DNA	TPE.2.3
ref	860290	A	G	DNA	TPA.2.5
ref	860338	A	G	DNA	TEN
ref	860338	A	G	DNA	TPE
ref	862004	A	G	DNA	TPE.1.3
ref	862726	G	A	DNA	TPA.1.6
ref	868271	T	C	DNA	TEN
ref	868271	T	C	DNA	TPE
ref	868611	C	T	DNA	TPA.2.2
ref	869437	T	C	DNA	TEN
ref	869437	T	C	DNA	TPE
ref	869456	T	C	DNA	TEN
ref	869456	T	C	DNA	TPE
ref	869575	A	C	DNA	TPE.1.3
ref	870008	T	C	DNA	TEN
ref	870008	T	C	DNA	TPA
ref	870008	T	C	DNA	TPE
ref	870567	T	C	DNA	TPA.2.7
ref	870614	G	A	DNA	TPA.2.7
ref	871677	G	A	DNA	TPE.2.3
ref	873623	C	A	DNA	TPA.1.2
ref	874029	T	C	DNA	TPA.2
ref	875184	C	T	DNA	TEN
ref	875184	C	T	DNA	TPE
ref	875311	C	A	DNA	TPA.2.7
ref	878159	T	C	DNA	TPE.1
ref	878159	T	C	DNA	TPE.1.1
ref	878159	T	C	DNA	TPE.1.2
ref	878159	T	C	DNA	TPE.1.3
ref	878159	T	C	DNA	TPE.2
ref	878159	T	C	DNA	TPE.2.3
ref	878159	T	C	DNA	TPE.3
ref	878159	T	C	DNA	TPE.3.1
ref	878533	A	G	DNA	TPE.2
ref	878533	A	G	DNA	TPE.2.1
ref	879080	A	G	DNA	TEN
ref	879080	A	G	DNA	TPE
ref	879387	C	T	DNA	TPE.2.3
ref	880490	G	T	DNA	TPE.1
ref	880490	G	T	DNA	TPE.1.1
ref	880846	T	C	DNA	TEN
ref	880846	T	C	DNA	TPE
ref	881636	T	C	DNA	TEN
ref	881636	T	C	DNA	TPE
ref	883050	T	C	DNA	TEN
ref	883050	T	C	DNA	TPE
ref	884394	G	A	DNA	TPE.1.3
ref	885122	C	T	DNA	TPA.1.6
ref	885308	T	C	DNA	TPE.1
ref	885308	T	C	DNA	TPE.1.1
ref	885619	C	T	DNA	TPA.2.7
ref	887470	A	G	DNA	TPA.2.7
ref	887799	G	C	DNA	TEN
ref	887799	G	C	DNA	TPE
ref	887946	C	T	DNA	TPE.2.3
ref	889671	T	C	DNA	TPE.1
ref	889671	T	C	DNA	TPE.1.1
ref	889837	G	A	DNA	TPE.1
ref	889837	G	A	DNA	TPE.1.1
ref	889837	G	A	DNA	TPE.1.3
ref	890025	C	T	DNA	TPA.2.4
ref	890034	T	C	DNA	TPA.2.5
ref	890402	T	C	DNA	TPE.1.2
ref	890476	G	A	DNA	TPA.1.6
ref	890508	C	A	DNA	TPE.2.5
ref	890841	C	T	DNA	TEN
ref	890841	C	T	DNA	TPE
ref	893439	G	A	DNA	TPE.2.3
ref	895949	A	G	DNA	TEN
ref	895949	A	G	DNA	TPA
ref	895949	A	G	DNA	TPE
ref	896329	T	C	DNA	TPA.2.6
ref	897810	A	G	DNA	TEN
ref	897810	A	G	DNA	TEN.1
ref	897810	A	G	DNA	TEN.1.1
ref	897955	G	A	DNA	TEN
ref	897955	G	A	DNA	TPE
ref	898418	A	C	DNA	TEN
ref	898418	A	C	DNA	TPE
ref	898927	G	C	DNA	TEN
ref	898927	G	C	DNA	TPE
ref	898951	T	C	DNA	TPE.2.3
ref	899386	C	T	DNA	TEN
ref	899386	C	T	DNA	TPE
ref	899437	G	A	DNA	TEN
ref	899437	G	A	DNA	TEN.1
ref	899437	G	A	DNA	TEN.1.1
ref	899805	T	C	DNA	TEN
ref	899805	T	C	DNA	TPE
ref	900019	G	A	DNA	TPA.1.6
ref	900155	G	A	DNA	TPE
ref	901181	T	C	DNA	TEN
ref	901181	T	C	DNA	TPE
ref	901831	C	G	DNA	TPE.1
ref	901831	C	G	DNA	TPE.1.1
ref	901994	T	G	DNA	TEN
ref	901994	T	G	DNA	TPE
ref	902731	C	A	DNA	TEN
ref	902731	C	A	DNA	TEN.1
ref	902731	C	A	DNA	TEN.1.1
ref	903010	G	A	DNA	TEN
ref	903010	G	A	DNA	TEN.1
ref	903010	G	A	DNA	TEN.1.1
ref	904275	C	T	DNA	TEN
ref	904275	C	T	DNA	TEN.1
ref	904275	C	T	DNA	TEN.1.1
ref	905310	T	C	DNA	TEN
ref	905310	T	C	DNA	TEN.1
ref	905310	T	C	DNA	TEN.1.1
ref	905981	C	A	DNA	TPA.2.1
ref	906754	A	G	DNA	TEN
ref	906754	A	G	DNA	TPE
ref	906839	C	A	DNA	TPA.2.7
ref	907919	C	T	DNA	TEN
ref	907919	C	T	DNA	TEN.1
ref	907919	C	T	DNA	TEN.1.1
ref	908626	C	T	DNA	TEN
ref	908626	C	T	DNA	TPE
ref	908872	C	T	DNA	TEN
ref	908872	C	T	DNA	TPE
ref	908914	A	G	DNA	TEN
ref	908914	A	G	DNA	TPE
ref	909142	C	T	DNA	TEN
ref	909142	C	T	DNA	TPE
ref	909295	G	A	DNA	TEN
ref	909295	G	A	DNA	TPE
ref	909458	C	T	DNA	TEN
ref	909458	C	T	DNA	TPE
ref	909553	T	C	DNA	TEN
ref	909553	T	C	DNA	TPE
ref	909611	C	T	DNA	TEN
ref	909611	C	T	DNA	TPE
ref	910875	T	C	DNA	TPA.2.7
ref	911199	C	T	DNA	TEN
ref	911199	C	T	DNA	TPE
ref	911941	C	A	DNA	TPE.2.3
ref	912662	T	C	DNA	TPA.2.7
ref	913105	C	T	DNA	TEN
ref	913105	C	T	DNA	TPE
ref	914687	G	C	DNA	TEN
ref	914687	G	C	DNA	TEN.1
ref	914687	G	C	DNA	TEN.1.1
ref	916096	C	T	DNA	TPA.2
ref	916097	A	G	DNA	TEN
ref	916097	A	G	DNA	TPE
ref	916765	G	T	DNA	TPE.1
ref	916765	G	T	DNA	TPE.1.1
ref	918277	C	T	DNA	TEN
ref	918277	C	T	DNA	TPE
ref	918861	G	A	DNA	TEN
ref	918861	G	A	DNA	TEN.1
ref	918861	G	A	DNA	TEN.1.1
ref	919093	G	A	DNA	TPA.2.6
ref	919250	G	C	DNA	TPE.2.3
ref	919281	A	G	DNA	TPA.2.3
ref	920644	C	T	DNA	TPA.2.6
ref	921128	T	C	DNA	TEN
ref	921128	T	C	DNA	TPE
ref	921979	A	G	DNA	TEN
ref	921979	A	G	DNA	TPE
ref	923733	G	A	DNA	TEN
ref	923733	G	A	DNA	TPE
ref	924875	C	T	DNA	TEN
ref	924875	C	T	DNA	TPE
ref	926693	C	T	DNA	TEN
ref	926693	C	T	DNA	TPE
ref	926699	C	T	DNA	TEN
ref	926699	C	T	DNA	TPE
ref	926865	G	T	DNA	TEN
ref	926865	G	T	DNA	TPE
ref	928403	G	A	DNA	TEN
ref	928403	G	A	DNA	TEN.1
ref	928403	G	A	DNA	TEN.1.1
ref	929578	G	A	DNA	TEN
ref	929578	G	A	DNA	TPE
ref	931303	A	G	DNA	TPE.2.2
ref	931303	A	G	DNA	TPE.2.4
ref	932853	C	T	DNA	TPE.1.3
ref	933390	G	A	DNA	TPE.2.3
ref	933936	C	T	DNA	TPE
ref	933943	C	T	DNA	TPE
ref	934079	G	A	DNA	TPE.2.4
ref	934504	T	C	DNA	TPA.2.5
ref	934528	T	C	DNA	TPE.2.3
ref	934605	A	G	DNA	TPE.2
ref	934605	A	G	DNA	TPE.2.1
ref	938703	T	C	DNA	TPE
ref	938721	A	G	DNA	TPE
ref	938818	C	T	DNA	TPE
ref	938901	C	T	DNA	TEN
ref	938901	C	T	DNA	TEN.1
ref	938901	C	T	DNA	TEN.1.1
ref	938910	T	C	DNA	TEN
ref	938910	T	C	DNA	TEN.1
ref	938910	T	C	DNA	TEN.1.1
ref	938960	C	T	DNA	TEN
ref	938960	C	T	DNA	TPE
ref	938969	A	G	DNA	TEN
ref	938969	A	G	DNA	TPE
ref	939064	G	A	DNA	TEN
ref	939064	G	A	DNA	TPE
ref	939068	G	A	DNA	TPE
ref	939133	T	C	DNA	TEN
ref	939133	T	C	DNA	TPE
ref	939233	T	C	DNA	TPE
ref	939335	G	A	DNA	TPE.2.3
ref	939603	C	T	DNA	TPA.2.7
ref	939609	C	T	DNA	TPA.2.7
ref	940313	A	C	DNA	TEN
ref	940313	A	C	DNA	TPE
ref	940771	T	C	DNA	TEN
ref	940771	T	C	DNA	TPE
ref	941328	C	T	DNA	TPE
ref	942170	G	A	DNA	TPA.2.4
ref	943520	C	A	DNA	TPA.1.8
ref	944599	A	G	DNA	TPE
ref	944756	T	C	DNA	TPE
ref	946322	C	G	DNA	TEN
ref	946322	C	G	DNA	TEN.1
ref	946322	C	G	DNA	TEN.1.1
ref	946381	G	A	DNA	TPE
ref	946443	C	T	DNA	TPE.1.3
ref	946505	G	A	DNA	TEN
ref	946505	G	A	DNA	TEN.1
ref	946505	G	A	DNA	TEN.1.1
ref	946817	G	A	DNA	TPE.1.3
ref	947124	G	A	DNA	TPE.3
ref	947124	G	A	DNA	TPE.3.1
ref	947235	C	T	DNA	TPE.1
ref	947235	C	T	DNA	TPE.1.1
ref	947340	T	C	DNA	TPE.1
ref	947340	T	C	DNA	TPE.1.1
ref	947743	T	C	DNA	TEN
ref	947743	T	C	DNA	TPE
ref	947753	C	T	DNA	TEN
ref	947753	C	T	DNA	TPE
ref	947769	T	C	DNA	TEN
ref	947769	T	C	DNA	TPE
ref	948356	G	A	DNA	TPA.2
ref	948549	C	T	DNA	TEN.1
ref	948549	C	T	DNA	TPA.1
ref	948549	C	T	DNA	TPA.2
ref	948549	C	T	DNA	TPE.1
ref	948549	C	T	DNA	TPE.2
ref	948549	C	T	DNA	TPE.3
ref	951268	T	C	DNA	TPA.2.1
ref	951270	A	C	DNA	TEN
ref	951270	A	C	DNA	TPE
ref	951471	A	G	DNA	TPA.2
ref	951662	G	A	DNA	TPA.1.4
ref	951669	T	C	DNA	TEN
ref	951669	T	C	DNA	TEN.1
ref	951669	T	C	DNA	TEN.1.1
ref	952096	G	T	DNA	TPE.2.4
ref	952678	T	C	DNA	TPA.2.2
ref	954463	G	A	DNA	TPA.2.5
ref	954483	T	C	DNA	TPA.2.5
ref	954900	C	T	DNA	TEN
ref	954900	C	T	DNA	TPE
ref	955034	A	G	DNA	TPE.1.2
ref	955792	C	T	DNA	TPA.2
ref	956156	A	C	DNA	TPA.2
ref	956909	T	C	DNA	TEN
ref	956909	T	C	DNA	TPE
ref	956983	C	T	DNA	TEN
ref	956983	C	T	DNA	TPE
ref	957070	G	A	DNA	TPE.1.3
ref	958053	G	A	DNA	TEN
ref	958053	G	A	DNA	TEN.1
ref	958053	G	A	DNA	TEN.1.1
ref	960622	G	T	DNA	TPA.2.1
ref	961081	C	T	DNA	TEN
ref	961081	C	T	DNA	TPE
ref	963999	T	C	DNA	TEN
ref	963999	T	C	DNA	TPE
ref	964128	T	C	DNA	TPA.1.6
ref	964655	T	C	DNA	TPE.2
ref	964655	T	C	DNA	TPE.2.1
ref	964890	C	T	DNA	TPA.2.6
ref	965327	C	T	DNA	TPE.1.3
ref	965796	T	C	DNA	TPE.2.2
ref	965796	T	C	DNA	TPE.2.4
ref	965796	T	C	DNA	TPE.2.5
ref	968074	A	C	DNA	TEN
ref	968074	A	C	DNA	TPE
ref	968165	G	A	DNA	TEN
ref	968165	G	A	DNA	TPE
ref	969938	G	A	DNA	TEN
ref	969938	G	A	DNA	TPE
ref	969975	T	C	DNA	TPA.2.7
ref	970748	A	G	DNA	TPA.2.7
ref	970940	G	A	DNA	TEN
ref	970940	G	A	DNA	TEN.1
ref	970940	G	A	DNA	TEN.1.1
ref	971230	C	T	DNA	TPE.2.3
ref	971287	T	C	DNA	TEN
ref	971287	T	C	DNA	TEN.1
ref	971287	T	C	DNA	TEN.1.1
ref	973536	C	A	DNA	TEN
ref	973536	C	A	DNA	TPE
ref	973677	C	T	DNA	TPE.2.3
ref	974582	T	C	DNA	TEN
ref	974582	T	C	DNA	TEN.1
ref	974582	T	C	DNA	TEN.1.1
ref	975144	A	G	DNA	TEN
ref	975144	A	G	DNA	TEN.1
ref	975144	A	G	DNA	TEN.1.1
ref	975247	C	T	DNA	TPE.1
ref	975247	C	T	DNA	TPE.1.1
ref	975247	C	T	DNA	TPE.1.3
ref	975413	C	T	DNA	TEN
ref	975413	C	T	DNA	TEN.1
ref	975413	C	T	DNA	TEN.1.1
ref	975663	T	C	DNA	TPE.3
ref	975663	T	C	DNA	TPE.3.1
ref	975705	T	C	DNA	TPE.2.3
ref	975724	A	G	DNA	TPE.2.3
ref	975790	T	C	DNA	TPE.2.3
ref	977487	A	G	DNA	TEN
ref	977487	A	G	DNA	TEN.1
ref	977487	A	G	DNA	TEN.1.1
ref	977636	C	A	DNA	TEN
ref	977636	C	A	DNA	TEN.1
ref	977636	C	A	DNA	TEN.1.1
ref	977638	A	G	DNA	TEN
ref	977638	A	G	DNA	TEN.1
ref	977638	A	G	DNA	TEN.1.1
ref	977748	A	T	DNA	TPA.1.6
ref	977782	T	A	DNA	TEN
ref	977782	T	A	DNA	TEN.1
ref	977782	T	A	DNA	TEN.1.1
ref	977901	A	C	DNA	TPA.1.6
ref	978394	C	T	DNA	TEN.1
ref	978394	C	T	DNA	TPA.1
ref	978394	C	T	DNA	TPA.2
ref	978394	C	T	DNA	TPE.1
ref	978394	C	T	DNA	TPE.2
ref	978394	C	T	DNA	TPE.3
ref	978494	C	T	DNA	TPE
ref	979146	C	A	DNA	TEN
ref	979146	C	A	DNA	TPE
ref	979342	A	G	DNA	TEN
ref	979342	A	G	DNA	TPA
ref	979342	A	G	DNA	TPE
ref	979354	C	A	DNA	TEN
ref	979354	C	A	DNA	TPE
ref	979632	G	T	DNA	TEN
ref	979632	G	T	DNA	TPE
ref	979654	G	A	DNA	TEN
ref	979654	G	A	DNA	TPA
ref	979654	G	A	DNA	TPE
ref	979674	A	C	DNA	TEN
ref	979674	A	C	DNA	TPE
ref	979678	A	G	DNA	TEN
ref	979678	A	G	DNA	TPE
ref	980000	A	C	DNA	TEN
ref	980000	A	C	DNA	TPE
ref	980344	T	C	DNA	TEN
ref	980344	T	C	DNA	TPE
ref	980428	T	C	DNA	TEN
ref	980428	T	C	DNA	TPE
ref	982171	C	G	DNA	TEN
ref	982171	C	G	DNA	TPE
ref	985002	G	A	DNA	TPE.1.2
ref	985033	G	A	DNA	TPA.2
ref	985033	G	A	DNA	TPA.2.7
ref	985033	G	A	DNA	TPE.1
ref	985033	G	A	DNA	TPE.1.1
ref	985270	T	C	DNA	TPE.2.3
ref	985287	T	C	DNA	TPE.2.2
ref	985287	T	C	DNA	TPE.2.4
ref	985287	T	C	DNA	TPE.2.5
ref	985378	C	T	DNA	TPE.2.4
ref	986007	G	A	DNA	TPA.1.6
ref	986494	G	A	DNA	TEN
ref	986494	G	A	DNA	TPE
ref	990526	G	A	DNA	TPE.1.3
ref	990642	G	A	DNA	TEN
ref	990642	G	A	DNA	TEN.1
ref	990642	G	A	DNA	TEN.1.1
ref	991722	C	T	DNA	TEN
ref	991722	C	T	DNA	TPE
ref	991905	G	A	DNA	TPE.2.2
ref	991905	G	A	DNA	TPE.2.4
ref	991905	G	A	DNA	TPE.2.5
ref	991990	G	T	DNA	TPA.2.7
ref	992005	C	T	DNA	TEN
ref	992005	C	T	DNA	TPE
ref	992700	G	A	DNA	TPA.2
ref	992701	C	A	DNA	TPA.2
ref	993124	A	G	DNA	TEN
ref	993124	A	G	DNA	TPE
ref	993464	G	A	DNA	TPE.3
ref	993464	G	A	DNA	TPE.3.1
ref	994294	G	A	DNA	TPA.2.5
ref	995012	T	C	DNA	TEN
ref	995012	T	C	DNA	TEN.1
ref	995012	T	C	DNA	TEN.1.1
ref	995563	G	A	DNA	TPA.1.6
ref	995623	T	C	DNA	TEN
ref	995623	T	C	DNA	TPE
ref	996669	C	T	DNA	TEN
ref	996669	C	T	DNA	TPE
ref	996868	C	T	DNA	TEN
ref	996868	C	T	DNA	TEN.1
ref	996868	C	T	DNA	TEN.1.1
ref	997650	T	C	DNA	TPA.2.7
ref	998411	G	A	DNA	TEN
ref	998411	G	A	DNA	TPE
ref	998900	A	G	DNA	TPE.1.2
ref	1001247	T	C	DNA	TEN
ref	1001247	T	C	DNA	TPE
ref	1002134	T	C	DNA	TEN
ref	1002134	T	C	DNA	TPE
ref	1003757	A	G	DNA	TEN
ref	1003757	A	G	DNA	TEN.1
ref	1003757	A	G	DNA	TEN.1.1
ref	1004555	A	G	DNA	TEN
ref	1004555	A	G	DNA	TPE
ref	1005969	G	T	DNA	TPA.2.7
ref	1006131	T	C	DNA	TEN
ref	1006131	T	C	DNA	TPA
ref	1006131	T	C	DNA	TPE
ref	1006160	G	A	DNA	TEN
ref	1006160	G	A	DNA	TPE
ref	1007806	C	T	DNA	TPA.2.7
ref	1007893	A	G	DNA	TEN
ref	1007893	A	G	DNA	TPE
ref	1008148	A	G	DNA	TPE
ref	1008437	G	A	DNA	TEN
ref	1008437	G	A	DNA	TPE
ref	1008514	C	A	DNA	TEN
ref	1008514	C	A	DNA	TPE
ref	1009632	A	G	DNA	TPE.3
ref	1009632	A	G	DNA	TPE.3.1
ref	1010253	C	T	DNA	TEN
ref	1010253	C	T	DNA	TPE
ref	1010582	G	A	DNA	TEN
ref	1010582	G	A	DNA	TPE
ref	1010925	C	T	DNA	TEN
ref	1010925	C	T	DNA	TPE
ref	1013897	C	A	DNA	TEN
ref	1013897	C	A	DNA	TEN.1
ref	1013897	C	A	DNA	TEN.1.1
ref	1013897	C	A	DNA	TPA
ref	1013897	C	A	DNA	TPA.2
ref	1013897	C	A	DNA	TPA.2.7
ref	1015241	C	T	DNA	TPE.2.3
ref	1015900	C	T	DNA	TPE.2.3
ref	1017273	A	G	DNA	TEN
ref	1017273	A	G	DNA	TPE
ref	1017585	T	C	DNA	TEN
ref	1017585	T	C	DNA	TPE
ref	1019808	C	T	DNA	TEN
ref	1019808	C	T	DNA	TPE
ref	1019914	A	G	DNA	TEN
ref	1019914	A	G	DNA	TPE
ref	1020355	A	G	DNA	TEN
ref	1020355	A	G	DNA	TPE
ref	1021627	C	A	DNA	TPE.2.3
ref	1021740	T	C	DNA	TPE.1
ref	1021740	T	C	DNA	TPE.1.1
ref	1021740	T	C	DNA	TPE.1.3
ref	1021846	C	A	DNA	TEN
ref	1021846	C	A	DNA	TPE
ref	1022560	A	G	DNA	TEN
ref	1022560	A	G	DNA	TPE
ref	1026718	T	C	DNA	TEN
ref	1026718	T	C	DNA	TPE
ref	1026958	G	T	DNA	TPE.1.3
ref	1027165	C	T	DNA	TEN
ref	1027165	C	T	DNA	TPA
ref	1027165	C	T	DNA	TPE
ref	1027644	C	T	DNA	TEN
ref	1027644	C	T	DNA	TPE
ref	1029925	G	A	DNA	TEN
ref	1029925	G	A	DNA	TEN.1
ref	1029925	G	A	DNA	TEN.1.1
ref	1030133	C	T	DNA	TEN
ref	1030133	C	T	DNA	TPE
ref	1030193	T	C	DNA	TEN
ref	1030193	T	C	DNA	TPE
ref	1032459	C	T	DNA	TEN
ref	1032459	C	T	DNA	TPE
ref	1032845	C	T	DNA	TEN
ref	1032845	C	T	DNA	TPE
ref	1033051	T	G	DNA	TEN
ref	1033051	T	G	DNA	TPE
ref	1033052	A	G	DNA	TEN
ref	1033052	A	G	DNA	TPE
ref	1033182	G	A	DNA	TPA.2.4
ref	1033207	G	C	DNA	TPE.3
ref	1033207	G	C	DNA	TPE.3.1
ref	1033785	C	T	DNA	TEN
ref	1033785	C	T	DNA	TPE
ref	1033984	A	G	DNA	TEN
ref	1033984	A	G	DNA	TPE
ref	1035050	T	C	DNA	TPA.2.5
ref	1036512	T	C	DNA	TEN
ref	1036512	T	C	DNA	TPE
ref	1037479	C	T	DNA	TEN
ref	1037479	C	T	DNA	TPE
ref	1038217	G	A	DNA	TPE.1.3
ref	1038642	A	G	DNA	TEN
ref	1038642	A	G	DNA	TPE
ref	1039586	G	C	DNA	TEN
ref	1039586	G	C	DNA	TPE
ref	1041512	G	A	DNA	TEN
ref	1041512	G	A	DNA	TPE
ref	1041592	T	G	DNA	TEN
ref	1041592	T	G	DNA	TPE
ref	1042493	C	T	DNA	TPA.2.5
ref	1042872	G	A	DNA	TPE
ref	1043372	C	T	DNA	TPE.2
ref	1043372	C	T	DNA	TPE.2.1
ref	1043658	C	T	DNA	TPA.2.3
ref	1043658	C	T	DNA	TPA.2.9
ref	1044309	A	G	DNA	TEN
ref	1044309	A	G	DNA	TPE
ref	1048887	G	A	DNA	TPE.2.2
ref	1048887	G	A	DNA	TPE.2.4
ref	1048887	G	A	DNA	TPE.2.5
ref	1055859	C	T	DNA	TEN
ref	1055859	C	T	DNA	TPE
ref	1056541	G	A	DNA	TPE.1.3
ref	1056555	T	C	DNA	TPA.1.3
ref	1056555	T	C	DNA	TPE.1.3
ref	1056606	G	A	DNA	TPA.1
ref	1056606	G	A	DNA	TPA.1.3
ref	1056606	G	A	DNA	TPE.1
ref	1056606	G	A	DNA	TPE.1.1
ref	1056742	G	A	DNA	TPA.2.7
ref	1057029	C	T	DNA	TPE.1
ref	1057029	C	T	DNA	TPE.1.1
ref	1057134	G	T	DNA	TPE.2.2
ref	1057134	G	T	DNA	TPE.2.4
ref	1057134	G	T	DNA	TPE.2.5
ref	1057345	T	C	DNA	TPA.2.7
ref	1057488	A	G	DNA	TPA.1.7
ref	1057702	C	T	DNA	TEN
ref	1057702	C	T	DNA	TPA
ref	1057702	C	T	DNA	TPE
ref	1058522	C	T	DNA	TPE.2
ref	1058522	C	T	DNA	TPE.2.1
ref	1059397	C	T	DNA	TEN.1
ref	1059397	C	T	DNA	TPA.2
ref	1059397	C	T	DNA	TPE.1
ref	1059397	C	T	DNA	TPE.2
ref	1059397	C	T	DNA	TPE.3
ref	1059430	C	A	DNA	TEN
ref	1059430	C	A	DNA	TEN.1
ref	1059430	C	A	DNA	TEN.1.1
ref	1059430	C	A	DNA	TPA
ref	1059430	C	A	DNA	TPA.2
ref	1059430	C	A	DNA	TPA.2.1
ref	1059430	C	A	DNA	TPA.2.7
ref	1059565	T	C	DNA	TEN.1
ref	1059565	T	C	DNA	TPA.1
ref	1059565	T	C	DNA	TPA.2
ref	1059565	T	C	DNA	TPE.1
ref	1059565	T	C	DNA	TPE.2
ref	1059565	T	C	DNA	TPE.3
ref	1060697	T	C	DNA	TEN
ref	1060697	T	C	DNA	TPE
ref	1061978	A	G	DNA	TPA.1.6
ref	1062344	G	T	DNA	TPA.1.4
ref	1063644	T	C	DNA	TEN
ref	1063644	T	C	DNA	TPA
ref	1063644	T	C	DNA	TPE
ref	1067362	G	C	DNA	TPE.2.3
ref	1067653	G	A	DNA	TPE.2.3
ref	1069313	C	T	DNA	TEN
ref	1069313	C	T	DNA	TPE
ref	1071471	T	C	DNA	TEN
ref	1071471	T	C	DNA	TPE
ref	1072319	C	T	DNA	TEN
ref	1072319	C	T	DNA	TEN.1
ref	1072319	C	T	DNA	TEN.1.1
ref	1072369	T	C	DNA	TPA.2.1
ref	1073327	T	C	DNA	TEN
ref	1073327	T	C	DNA	TPE
ref	1073360	A	G	DNA	TEN
ref	1073360	A	G	DNA	TPE
ref	1074609	G	A	DNA	TEN
ref	1074609	G	A	DNA	TPE
ref	1075626	C	T	DNA	TEN
ref	1075626	C	T	DNA	TEN.1
ref	1075626	C	T	DNA	TEN.1.1
ref	1076405	A	G	DNA	TEN
ref	1076405	A	G	DNA	TEN.1
ref	1076405	A	G	DNA	TEN.1.1
ref	1076610	G	A	DNA	TEN
ref	1076610	G	A	DNA	TEN.1
ref	1076610	G	A	DNA	TEN.1.1
ref	1076723	G	A	DNA	TEN
ref	1076723	G	A	DNA	TPE
ref	1078211	A	C	DNA	TPE.2.2
ref	1078211	A	C	DNA	TPE.2.4
ref	1078211	A	C	DNA	TPE.2.5
ref	1078675	T	C	DNA	TPE.1
ref	1078675	T	C	DNA	TPE.1.1
ref	1078675	T	C	DNA	TPE.1.3
ref	1078763	T	A	DNA	TEN
ref	1078763	T	A	DNA	TPA
ref	1078763	T	A	DNA	TPE
ref	1079053	T	C	DNA	TEN
ref	1079053	T	C	DNA	TPE
ref	1079374	G	A	DNA	TEN
ref	1079374	G	A	DNA	TPE
ref	1079559	C	A	DNA	TPE.2.5
ref	1079658	T	C	DNA	TEN
ref	1079658	T	C	DNA	TPE
ref	1079780	T	C	DNA	TPA.2.7
ref	1080023	T	C	DNA	TPE.2
ref	1080023	T	C	DNA	TPE.2.1
ref	1080278	C	T	DNA	TEN
ref	1080278	C	T	DNA	TPE
ref	1080279	C	T	DNA	TEN
ref	1080279	C	T	DNA	TPE
ref	1080360	C	T	DNA	TPE.1
ref	1080360	C	T	DNA	TPE.1.1
ref	1080360	C	T	DNA	TPE.1.3
ref	1081210	T	C	DNA	TEN
ref	1081210	T	C	DNA	TEN.1
ref	1081210	T	C	DNA	TEN.1.1
ref	1081533	A	G	DNA	TEN.1
ref	1081533	A	G	DNA	TPA.2
ref	1081533	A	G	DNA	TPE.1
ref	1081533	A	G	DNA	TPE.2
ref	1081533	A	G	DNA	TPE.3
ref	1082763	A	C	DNA	TEN
ref	1082763	A	C	DNA	TPE
ref	1083356	G	T	DNA	TPE.2.3
ref	1086420	T	C	DNA	TEN
ref	1086420	T	C	DNA	TPA
ref	1086420	T	C	DNA	TPE
ref	1087469	C	T	DNA	TPE
ref	1087863	C	T	DNA	TEN
ref	1087863	C	T	DNA	TEN.1
ref	1087863	C	T	DNA	TEN.1.1
ref	1088963	G	A	DNA	TEN
ref	1088963	G	A	DNA	TEN.1
ref	1088963	G	A	DNA	TEN.1.1
ref	1090124	G	T	DNA	TPE.2.3
ref	1091896	A	G	DNA	TPE
ref	1092078	T	C	DNA	TPA.2.6
ref	1093663	T	C	DNA	TPE
ref	1095109	G	A	DNA	TEN
ref	1095109	G	A	DNA	TPE
ref	1097243	G	A	DNA	TPE
ref	1097696	A	G	DNA	TEN
ref	1097696	A	G	DNA	TPE
ref	1098278	G	A	DNA	TPE
ref	1098392	A	C	DNA	TPE.2.3
ref	1100316	T	C	DNA	TEN
ref	1100316	T	C	DNA	TEN.1
ref	1100316	T	C	DNA	TEN.1.1
ref	1101032	G	A	DNA	TPE.1
ref	1101032	G	A	DNA	TPE.1.1
ref	1102144	G	A	DNA	TPA.2
ref	1102419	C	T	DNA	TPE.1.3
ref	1103847	G	T	DNA	TPA.2
ref	1104776	C	A	DNA	TEN
ref	1104776	C	A	DNA	TPE
ref	1104809	A	C	DNA	TEN
ref	1104809	A	C	DNA	TPE
ref	1105682	C	T	DNA	TEN
ref	1105682	C	T	DNA	TEN.1
ref	1105682	C	T	DNA	TEN.1.1
ref	1105732	A	G	DNA	TEN
ref	1105732	A	G	DNA	TEN.1
ref	1105732	A	G	DNA	TEN.1.1
ref	1105856	A	G	DNA	TEN
ref	1105856	A	G	DNA	TEN.1
ref	1105856	A	G	DNA	TEN.1.1
ref	1105976	G	A	DNA	TEN
ref	1105976	G	A	DNA	TPE
ref	1106742	C	T	DNA	TEN
ref	1106742	C	T	DNA	TEN.1
ref	1106742	C	T	DNA	TEN.1.1
ref	1109142	A	G	DNA	TPE
ref	1111167	C	T	DNA	TPE.3
ref	1111167	C	T	DNA	TPE.3.1
ref	1111965	A	G	DNA	TPA.1.5
ref	1112807	A	G	DNA	TEN
ref	1112807	A	G	DNA	TPE
ref	1113377	T	C	DNA	TEN
ref	1113377	T	C	DNA	TPE
ref	1113566	A	G	DNA	TPE.2.3
ref	1114312	T	C	DNA	TEN
ref	1114312	T	C	DNA	TPE
ref	1116336	G	C	DNA	TEN
ref	1116336	G	C	DNA	TPE
ref	1116596	G	A	DNA	TPE.3
ref	1116596	G	A	DNA	TPE.3.1
ref	1117372	G	C	DNA	TEN
ref	1117372	G	C	DNA	TPE
ref	1118050	A	G	DNA	TEN
ref	1118050	A	G	DNA	TPE
ref	1118771	A	G	DNA	TPE.1.3
ref	1118968	T	C	DNA	TEN
ref	1118968	T	C	DNA	TPE
ref	1119679	C	T	DNA	TEN
ref	1119679	C	T	DNA	TPE
ref	1121194	T	C	DNA	TEN
ref	1121194	T	C	DNA	TPE
ref	1121705	A	G	DNA	TEN
ref	1121705	A	G	DNA	TPE
ref	1122170	C	T	DNA	TEN
ref	1122170	C	T	DNA	TPE
ref	1122422	G	T	DNA	TEN
ref	1122422	G	T	DNA	TEN.1
ref	1122422	G	T	DNA	TEN.1.1
ref	1122834	C	T	DNA	TEN
ref	1122834	C	T	DNA	TPE
ref	1123076	G	A	DNA	TPE.2.4
ref	1123728	G	A	DNA	TPA.2.7
ref	1124024	C	T	DNA	TPE.1.3
ref	1124169	T	C	DNA	TEN.1
ref	1124169	T	C	DNA	TPA.1
ref	1124169	T	C	DNA	TPA.2
ref	1124169	T	C	DNA	TPE.1
ref	1124169	T	C	DNA	TPE.2
ref	1124169	T	C	DNA	TPE.3
ref	1125316	T	C	DNA	TEN.1
ref	1125316	T	C	DNA	TPA.2
ref	1125450	G	A	DNA	TEN
ref	1125450	G	A	DNA	TEN.1
ref	1125450	G	A	DNA	TEN.1.1
ref	1125450	G	A	DNA	TPA
ref	1125450	G	A	DNA	TPA.1
ref	1125450	G	A	DNA	TPA.1.1
ref	1125491	G	A	DNA	TEN.1
ref	1125491	G	A	DNA	TPA.2
ref	1125491	G	A	DNA	TPE.1
ref	1125491	G	A	DNA	TPE.2
ref	1125491	G	A	DNA	TPE.3
ref	1125494	T	C	DNA	TPE.3
ref	1125494	T	C	DNA	TPE.3.1
ref	1125543	G	A	DNA	TPE
ref	1125543	G	A	DNA	TPE.1
ref	1125543	G	A	DNA	TPE.2
ref	1125543	G	A	DNA	TPE.3
ref	1125677	G	C	DNA	TEN.1
ref	1125677	G	C	DNA	TPA.2
ref	1125801	T	G	DNA	TEN.1
ref	1125801	T	G	DNA	TPA.2
ref	1125802	C	T	DNA	TEN.1
ref	1125802	C	T	DNA	TPA.2
ref	1125806	G	A	DNA	TEN.1
ref	1125806	G	A	DNA	TPA.2
ref	1125813	C	G	DNA	TEN.1
ref	1125813	C	G	DNA	TPA.2
ref	1125860	T	C	DNA	TEN.1
ref	1125860	T	C	DNA	TPA.2
ref	1125911	C	G	DNA	TPE
ref	1125911	C	G	DNA	TPE.1
ref	1125911	C	G	DNA	TPE.1.1
ref	1128602	C	T	DNA	TPE.2.3
ref	1128717	A	G	DNA	TEN
ref	1128717	A	G	DNA	TPE
ref	1128829	G	A	DNA	TEN
ref	1128829	G	A	DNA	TPE
ref	1129355	T	C	DNA	TEN
ref	1129355	T	C	DNA	TPE
ref	1130654	A	G	DNA	TEN
ref	1130654	A	G	DNA	TPA
ref	1130654	A	G	DNA	TPE
ref	1131162	T	C	DNA	TEN
ref	1131162	T	C	DNA	TPE
ref	1131540	A	G	DNA	TPE.2.3
ref	1132141	G	A	DNA	TEN
ref	1132141	G	A	DNA	TEN.1
ref	1132141	G	A	DNA	TEN.1.1
ref	1132557	T	G	DNA	TEN
ref	1132557	T	G	DNA	TPE
ref	1132721	G	A	DNA	TEN
ref	1132721	G	A	DNA	TEN.1
ref	1132721	G	A	DNA	TEN.1.1
ref	1134430	G	A	DNA	TEN
ref	1134430	G	A	DNA	TPE
ref	1134777	T	C	DNA	TEN
ref	1134777	T	C	DNA	TPE
ref	1135417	T	C	DNA	TEN
ref	1135417	T	C	DNA	TPE
ref	1136779	T	C	DNA	TEN
ref	1136779	T	C	DNA	TPE
ref	1136889	A	G	DNA	TPA.1.6
ref	1137100	T	C	DNA	TPE.1.2
ref	1137157	G	A	DNA	TEN
ref	1137157	G	A	DNA	TPE
ref	1138679	G	A	DNA	TEN
ref	1138679	G	A	DNA	TEN.1
ref	1138679	G	A	DNA	TEN.1.1
